[
  {
    "name": "Application Start",
    "start": 1629541910259,
    "end": 1629541910745,
    "duration": 486,
    "pid": 33634,
    "index": 0
  },
  {
    "name": "Load Plugin",
    "start": 1629541910263,
    "end": 1629541910275,
    "duration": 12,
    "pid": 33634,
    "index": 1
  },
  {
    "name": "Load Config",
    "start": 1629541910275,
    "end": 1629541910291,
    "duration": 16,
    "pid": 33634,
    "index": 2
  },
  {
    "name": "Require(0) config/config.default.js",
    "start": 1629541910275,
    "end": 1629541910275,
    "duration": 0,
    "pid": 33634,
    "index": 3
  },
  {
    "name": "Require(1) config/config.local.js",
    "start": 1629541910276,
    "end": 1629541910277,
    "duration": 1,
    "pid": 33634,
    "index": 4
  },
  {
    "name": "Require(2) node_modules/egg-session/config/config.default.js",
    "start": 1629541910277,
    "end": 1629541910278,
    "duration": 1,
    "pid": 33634,
    "index": 5
  },
  {
    "name": "Require(3) node_modules/egg-security/config/config.default.js",
    "start": 1629541910278,
    "end": 1629541910278,
    "duration": 0,
    "pid": 33634,
    "index": 6
  },
  {
    "name": "Require(4) node_modules/egg-jsonp/config/config.default.js",
    "start": 1629541910279,
    "end": 1629541910279,
    "duration": 0,
    "pid": 33634,
    "index": 7
  },
  {
    "name": "Require(5) node_modules/egg-onerror/config/config.default.js",
    "start": 1629541910280,
    "end": 1629541910280,
    "duration": 0,
    "pid": 33634,
    "index": 8
  },
  {
    "name": "Require(6) node_modules/egg-i18n/config/config.default.js",
    "start": 1629541910280,
    "end": 1629541910281,
    "duration": 1,
    "pid": 33634,
    "index": 9
  },
  {
    "name": "Require(7) node_modules/egg-watcher/config/config.default.js",
    "start": 1629541910281,
    "end": 1629541910282,
    "duration": 1,
    "pid": 33634,
    "index": 10
  },
  {
    "name": "Require(8) node_modules/egg-schedule/config/config.default.js",
    "start": 1629541910282,
    "end": 1629541910282,
    "duration": 0,
    "pid": 33634,
    "index": 11
  },
  {
    "name": "Require(9) node_modules/egg-multipart/config/config.default.js",
    "start": 1629541910283,
    "end": 1629541910283,
    "duration": 0,
    "pid": 33634,
    "index": 12
  },
  {
    "name": "Require(10) node_modules/egg-development/config/config.default.js",
    "start": 1629541910283,
    "end": 1629541910284,
    "duration": 1,
    "pid": 33634,
    "index": 13
  },
  {
    "name": "Require(11) node_modules/egg-logrotator/config/config.default.js",
    "start": 1629541910284,
    "end": 1629541910284,
    "duration": 0,
    "pid": 33634,
    "index": 14
  },
  {
    "name": "Require(12) node_modules/egg-static/config/config.default.js",
    "start": 1629541910284,
    "end": 1629541910285,
    "duration": 1,
    "pid": 33634,
    "index": 15
  },
  {
    "name": "Require(13) node_modules/egg-view/config/config.default.js",
    "start": 1629541910285,
    "end": 1629541910286,
    "duration": 1,
    "pid": 33634,
    "index": 16
  },
  {
    "name": "Require(14) node_modules/egg-cors/config/config.default.js",
    "start": 1629541910286,
    "end": 1629541910286,
    "duration": 0,
    "pid": 33634,
    "index": 17
  },
  {
    "name": "Require(15) node_modules/egg-mysql/config/config.default.js",
    "start": 1629541910287,
    "end": 1629541910287,
    "duration": 0,
    "pid": 33634,
    "index": 18
  },
  {
    "name": "Require(16) node_modules/egg-redis/config/config.default.js",
    "start": 1629541910287,
    "end": 1629541910288,
    "duration": 1,
    "pid": 33634,
    "index": 19
  },
  {
    "name": "Require(17) node_modules/egg/config/config.default.js",
    "start": 1629541910288,
    "end": 1629541910288,
    "duration": 0,
    "pid": 33634,
    "index": 20
  },
  {
    "name": "Require(18) config/config.default.js",
    "start": 1629541910289,
    "end": 1629541910289,
    "duration": 0,
    "pid": 33634,
    "index": 21
  },
  {
    "name": "Require(19) node_modules/egg-security/config/config.local.js",
    "start": 1629541910290,
    "end": 1629541910290,
    "duration": 0,
    "pid": 33634,
    "index": 22
  },
  {
    "name": "Require(20) node_modules/egg-watcher/config/config.local.js",
    "start": 1629541910290,
    "end": 1629541910290,
    "duration": 0,
    "pid": 33634,
    "index": 23
  },
  {
    "name": "Require(21) node_modules/egg-view/config/config.local.js",
    "start": 1629541910291,
    "end": 1629541910291,
    "duration": 0,
    "pid": 33634,
    "index": 24
  },
  {
    "name": "Require(22) node_modules/egg/config/config.local.js",
    "start": 1629541910291,
    "end": 1629541910291,
    "duration": 0,
    "pid": 33634,
    "index": 25
  },
  {
    "name": "Require(23) config/config.local.js",
    "start": 1629541910291,
    "end": 1629541910291,
    "duration": 0,
    "pid": 33634,
    "index": 26
  },
  {
    "name": "Load extend/application.js",
    "start": 1629541910292,
    "end": 1629541910299,
    "duration": 7,
    "pid": 33634,
    "index": 27
  },
  {
    "name": "Require(24) node_modules/egg-session/app/extend/application.js",
    "start": 1629541910292,
    "end": 1629541910293,
    "duration": 1,
    "pid": 33634,
    "index": 28
  },
  {
    "name": "Require(25) node_modules/egg-security/app/extend/application.js",
    "start": 1629541910293,
    "end": 1629541910294,
    "duration": 1,
    "pid": 33634,
    "index": 29
  },
  {
    "name": "Require(26) node_modules/egg-jsonp/app/extend/application.js",
    "start": 1629541910295,
    "end": 1629541910296,
    "duration": 1,
    "pid": 33634,
    "index": 30
  },
  {
    "name": "Require(27) node_modules/egg-logrotator/app/extend/application.js",
    "start": 1629541910296,
    "end": 1629541910297,
    "duration": 1,
    "pid": 33634,
    "index": 31
  },
  {
    "name": "Require(28) node_modules/egg-view/app/extend/application.js",
    "start": 1629541910297,
    "end": 1629541910298,
    "duration": 1,
    "pid": 33634,
    "index": 32
  },
  {
    "name": "Load extend/request.js",
    "start": 1629541910299,
    "end": 1629541910302,
    "duration": 3,
    "pid": 33634,
    "index": 33
  },
  {
    "name": "Require(29) node_modules/egg/app/extend/request.js",
    "start": 1629541910300,
    "end": 1629541910300,
    "duration": 0,
    "pid": 33634,
    "index": 34
  },
  {
    "name": "Load extend/response.js",
    "start": 1629541910302,
    "end": 1629541910306,
    "duration": 4,
    "pid": 33634,
    "index": 35
  },
  {
    "name": "Require(30) node_modules/egg/app/extend/response.js",
    "start": 1629541910304,
    "end": 1629541910305,
    "duration": 1,
    "pid": 33634,
    "index": 36
  },
  {
    "name": "Load extend/context.js",
    "start": 1629541910306,
    "end": 1629541910361,
    "duration": 55,
    "pid": 33634,
    "index": 37
  },
  {
    "name": "Require(31) node_modules/egg-security/app/extend/context.js",
    "start": 1629541910306,
    "end": 1629541910317,
    "duration": 11,
    "pid": 33634,
    "index": 38
  },
  {
    "name": "Require(32) node_modules/egg-jsonp/app/extend/context.js",
    "start": 1629541910317,
    "end": 1629541910319,
    "duration": 2,
    "pid": 33634,
    "index": 39
  },
  {
    "name": "Require(33) node_modules/egg-i18n/app/extend/context.js",
    "start": 1629541910319,
    "end": 1629541910320,
    "duration": 1,
    "pid": 33634,
    "index": 40
  },
  {
    "name": "Require(34) node_modules/egg-multipart/app/extend/context.js",
    "start": 1629541910320,
    "end": 1629541910358,
    "duration": 38,
    "pid": 33634,
    "index": 41
  },
  {
    "name": "Require(35) node_modules/egg-view/app/extend/context.js",
    "start": 1629541910358,
    "end": 1629541910359,
    "duration": 1,
    "pid": 33634,
    "index": 42
  },
  {
    "name": "Require(36) node_modules/egg/app/extend/context.js",
    "start": 1629541910359,
    "end": 1629541910360,
    "duration": 1,
    "pid": 33634,
    "index": 43
  },
  {
    "name": "Load extend/helper.js",
    "start": 1629541910361,
    "end": 1629541910439,
    "duration": 78,
    "pid": 33634,
    "index": 44
  },
  {
    "name": "Require(37) node_modules/egg-security/app/extend/helper.js",
    "start": 1629541910361,
    "end": 1629541910373,
    "duration": 12,
    "pid": 33634,
    "index": 45
  },
  {
    "name": "Require(38) node_modules/egg/app/extend/helper.js",
    "start": 1629541910374,
    "end": 1629541910374,
    "duration": 0,
    "pid": 33634,
    "index": 46
  },
  {
    "name": "Require(39) app/extend/helper.js",
    "start": 1629541910374,
    "end": 1629541910439,
    "duration": 65,
    "pid": 33634,
    "index": 47
  },
  {
    "name": "Load app.js",
    "start": 1629541910440,
    "end": 1629541910482,
    "duration": 42,
    "pid": 33634,
    "index": 48
  },
  {
    "name": "Require(40) node_modules/egg-session/app.js",
    "start": 1629541910440,
    "end": 1629541910440,
    "duration": 0,
    "pid": 33634,
    "index": 49
  },
  {
    "name": "Require(41) node_modules/egg-security/app.js",
    "start": 1629541910440,
    "end": 1629541910441,
    "duration": 1,
    "pid": 33634,
    "index": 50
  },
  {
    "name": "Require(42) node_modules/egg-onerror/app.js",
    "start": 1629541910441,
    "end": 1629541910449,
    "duration": 8,
    "pid": 33634,
    "index": 51
  },
  {
    "name": "Require(43) node_modules/egg-i18n/app.js",
    "start": 1629541910449,
    "end": 1629541910460,
    "duration": 11,
    "pid": 33634,
    "index": 52
  },
  {
    "name": "Require(44) node_modules/egg-watcher/app.js",
    "start": 1629541910460,
    "end": 1629541910462,
    "duration": 2,
    "pid": 33634,
    "index": 53
  },
  {
    "name": "Require(45) node_modules/egg-schedule/app.js",
    "start": 1629541910462,
    "end": 1629541910463,
    "duration": 1,
    "pid": 33634,
    "index": 54
  },
  {
    "name": "Require(46) node_modules/egg-multipart/app.js",
    "start": 1629541910463,
    "end": 1629541910464,
    "duration": 1,
    "pid": 33634,
    "index": 55
  },
  {
    "name": "Require(47) node_modules/egg-development/app.js",
    "start": 1629541910464,
    "end": 1629541910465,
    "duration": 1,
    "pid": 33634,
    "index": 56
  },
  {
    "name": "Require(48) node_modules/egg-logrotator/app.js",
    "start": 1629541910465,
    "end": 1629541910465,
    "duration": 0,
    "pid": 33634,
    "index": 57
  },
  {
    "name": "Require(49) node_modules/egg-static/app.js",
    "start": 1629541910465,
    "end": 1629541910466,
    "duration": 1,
    "pid": 33634,
    "index": 58
  },
  {
    "name": "Require(50) node_modules/egg-cors/app.js",
    "start": 1629541910466,
    "end": 1629541910467,
    "duration": 1,
    "pid": 33634,
    "index": 59
  },
  {
    "name": "Require(51) node_modules/egg-mysql/app.js",
    "start": 1629541910467,
    "end": 1629541910481,
    "duration": 14,
    "pid": 33634,
    "index": 60
  },
  {
    "name": "Require(52) node_modules/egg-redis/app.js",
    "start": 1629541910481,
    "end": 1629541910482,
    "duration": 1,
    "pid": 33634,
    "index": 61
  },
  {
    "name": "Before Start in node_modules/egg-watcher/lib/init.js:15:14",
    "start": 1629541910491,
    "end": 1629541910739,
    "duration": 248,
    "pid": 33634,
    "index": 62
  },
  {
    "name": "Before Start in node_modules/egg-mysql/lib/mysql.js:20:7",
    "start": 1629541910559,
    "end": 1629541910745,
    "duration": 186,
    "pid": 33634,
    "index": 63
  },
  {
    "name": "Before Start in node_modules/egg-redis/lib/redis.js:53:7",
    "start": 1629541910600,
    "end": 1629541910736,
    "duration": 136,
    "pid": 33634,
    "index": 64
  },
  {
    "name": "Load Service",
    "start": 1629541910600,
    "end": 1629541910616,
    "duration": 16,
    "pid": 33634,
    "index": 65
  },
  {
    "name": "Load \"service\" to Context",
    "start": 1629541910601,
    "end": 1629541910616,
    "duration": 15,
    "pid": 33634,
    "index": 66
  },
  {
    "name": "Load Middleware",
    "start": 1629541910616,
    "end": 1629541910676,
    "duration": 60,
    "pid": 33634,
    "index": 67
  },
  {
    "name": "Load \"middlewares\" to Application",
    "start": 1629541910616,
    "end": 1629541910669,
    "duration": 53,
    "pid": 33634,
    "index": 68
  },
  {
    "name": "Load Controller",
    "start": 1629541910676,
    "end": 1629541910713,
    "duration": 37,
    "pid": 33634,
    "index": 69
  },
  {
    "name": "Load \"controller\" to Application",
    "start": 1629541910676,
    "end": 1629541910713,
    "duration": 37,
    "pid": 33634,
    "index": 70
  },
  {
    "name": "Load Router",
    "start": 1629541910713,
    "end": 1629541910719,
    "duration": 6,
    "pid": 33634,
    "index": 71
  },
  {
    "name": "Require(53) app/router.js",
    "start": 1629541910713,
    "end": 1629541910714,
    "duration": 1,
    "pid": 33634,
    "index": 72
  },
  {
    "name": "Before Start in node_modules/egg-core/lib/egg.js:303:10",
    "start": 1629541910714,
    "end": 1629541910729,
    "duration": 15,
    "pid": 33634,
    "index": 73
  }
]