[
  {
    "name": "Application Start",
    "start": 1629544490073,
    "end": 1629544490382,
    "duration": 309,
    "pid": 34280,
    "index": 0
  },
  {
    "name": "Load Plugin",
    "start": 1629544490076,
    "end": 1629544490082,
    "duration": 6,
    "pid": 34280,
    "index": 1
  },
  {
    "name": "Load Config",
    "start": 1629544490082,
    "end": 1629544490093,
    "duration": 11,
    "pid": 34280,
    "index": 2
  },
  {
    "name": "Require(0) config/config.default.js",
    "start": 1629544490083,
    "end": 1629544490083,
    "duration": 0,
    "pid": 34280,
    "index": 3
  },
  {
    "name": "Require(1) config/config.local.js",
    "start": 1629544490084,
    "end": 1629544490084,
    "duration": 0,
    "pid": 34280,
    "index": 4
  },
  {
    "name": "Require(2) node_modules/egg-session/config/config.default.js",
    "start": 1629544490084,
    "end": 1629544490085,
    "duration": 1,
    "pid": 34280,
    "index": 5
  },
  {
    "name": "Require(3) node_modules/egg-security/config/config.default.js",
    "start": 1629544490085,
    "end": 1629544490085,
    "duration": 0,
    "pid": 34280,
    "index": 6
  },
  {
    "name": "Require(4) node_modules/egg-jsonp/config/config.default.js",
    "start": 1629544490085,
    "end": 1629544490086,
    "duration": 1,
    "pid": 34280,
    "index": 7
  },
  {
    "name": "Require(5) node_modules/egg-onerror/config/config.default.js",
    "start": 1629544490086,
    "end": 1629544490086,
    "duration": 0,
    "pid": 34280,
    "index": 8
  },
  {
    "name": "Require(6) node_modules/egg-i18n/config/config.default.js",
    "start": 1629544490086,
    "end": 1629544490086,
    "duration": 0,
    "pid": 34280,
    "index": 9
  },
  {
    "name": "Require(7) node_modules/egg-watcher/config/config.default.js",
    "start": 1629544490087,
    "end": 1629544490087,
    "duration": 0,
    "pid": 34280,
    "index": 10
  },
  {
    "name": "Require(8) node_modules/egg-schedule/config/config.default.js",
    "start": 1629544490087,
    "end": 1629544490087,
    "duration": 0,
    "pid": 34280,
    "index": 11
  },
  {
    "name": "Require(9) node_modules/egg-multipart/config/config.default.js",
    "start": 1629544490087,
    "end": 1629544490088,
    "duration": 1,
    "pid": 34280,
    "index": 12
  },
  {
    "name": "Require(10) node_modules/egg-development/config/config.default.js",
    "start": 1629544490088,
    "end": 1629544490088,
    "duration": 0,
    "pid": 34280,
    "index": 13
  },
  {
    "name": "Require(11) node_modules/egg-logrotator/config/config.default.js",
    "start": 1629544490088,
    "end": 1629544490088,
    "duration": 0,
    "pid": 34280,
    "index": 14
  },
  {
    "name": "Require(12) node_modules/egg-static/config/config.default.js",
    "start": 1629544490089,
    "end": 1629544490089,
    "duration": 0,
    "pid": 34280,
    "index": 15
  },
  {
    "name": "Require(13) node_modules/egg-view/config/config.default.js",
    "start": 1629544490089,
    "end": 1629544490089,
    "duration": 0,
    "pid": 34280,
    "index": 16
  },
  {
    "name": "Require(14) node_modules/egg-cors/config/config.default.js",
    "start": 1629544490089,
    "end": 1629544490090,
    "duration": 1,
    "pid": 34280,
    "index": 17
  },
  {
    "name": "Require(15) node_modules/egg-mysql/config/config.default.js",
    "start": 1629544490090,
    "end": 1629544490090,
    "duration": 0,
    "pid": 34280,
    "index": 18
  },
  {
    "name": "Require(16) node_modules/egg-redis/config/config.default.js",
    "start": 1629544490090,
    "end": 1629544490090,
    "duration": 0,
    "pid": 34280,
    "index": 19
  },
  {
    "name": "Require(17) node_modules/egg/config/config.default.js",
    "start": 1629544490090,
    "end": 1629544490091,
    "duration": 1,
    "pid": 34280,
    "index": 20
  },
  {
    "name": "Require(18) config/config.default.js",
    "start": 1629544490091,
    "end": 1629544490091,
    "duration": 0,
    "pid": 34280,
    "index": 21
  },
  {
    "name": "Require(19) node_modules/egg-security/config/config.local.js",
    "start": 1629544490092,
    "end": 1629544490092,
    "duration": 0,
    "pid": 34280,
    "index": 22
  },
  {
    "name": "Require(20) node_modules/egg-watcher/config/config.local.js",
    "start": 1629544490092,
    "end": 1629544490092,
    "duration": 0,
    "pid": 34280,
    "index": 23
  },
  {
    "name": "Require(21) node_modules/egg-view/config/config.local.js",
    "start": 1629544490093,
    "end": 1629544490093,
    "duration": 0,
    "pid": 34280,
    "index": 24
  },
  {
    "name": "Require(22) node_modules/egg/config/config.local.js",
    "start": 1629544490093,
    "end": 1629544490093,
    "duration": 0,
    "pid": 34280,
    "index": 25
  },
  {
    "name": "Require(23) config/config.local.js",
    "start": 1629544490093,
    "end": 1629544490093,
    "duration": 0,
    "pid": 34280,
    "index": 26
  },
  {
    "name": "Load extend/application.js",
    "start": 1629544490094,
    "end": 1629544490098,
    "duration": 4,
    "pid": 34280,
    "index": 27
  },
  {
    "name": "Require(24) node_modules/egg-session/app/extend/application.js",
    "start": 1629544490094,
    "end": 1629544490094,
    "duration": 0,
    "pid": 34280,
    "index": 28
  },
  {
    "name": "Require(25) node_modules/egg-security/app/extend/application.js",
    "start": 1629544490095,
    "end": 1629544490095,
    "duration": 0,
    "pid": 34280,
    "index": 29
  },
  {
    "name": "Require(26) node_modules/egg-jsonp/app/extend/application.js",
    "start": 1629544490095,
    "end": 1629544490096,
    "duration": 1,
    "pid": 34280,
    "index": 30
  },
  {
    "name": "Require(27) node_modules/egg-logrotator/app/extend/application.js",
    "start": 1629544490096,
    "end": 1629544490097,
    "duration": 1,
    "pid": 34280,
    "index": 31
  },
  {
    "name": "Require(28) node_modules/egg-view/app/extend/application.js",
    "start": 1629544490097,
    "end": 1629544490097,
    "duration": 0,
    "pid": 34280,
    "index": 32
  },
  {
    "name": "Load extend/request.js",
    "start": 1629544490098,
    "end": 1629544490100,
    "duration": 2,
    "pid": 34280,
    "index": 33
  },
  {
    "name": "Require(29) node_modules/egg/app/extend/request.js",
    "start": 1629544490099,
    "end": 1629544490100,
    "duration": 1,
    "pid": 34280,
    "index": 34
  },
  {
    "name": "Load extend/response.js",
    "start": 1629544490101,
    "end": 1629544490104,
    "duration": 3,
    "pid": 34280,
    "index": 35
  },
  {
    "name": "Require(30) node_modules/egg/app/extend/response.js",
    "start": 1629544490102,
    "end": 1629544490103,
    "duration": 1,
    "pid": 34280,
    "index": 36
  },
  {
    "name": "Load extend/context.js",
    "start": 1629544490104,
    "end": 1629544490135,
    "duration": 31,
    "pid": 34280,
    "index": 37
  },
  {
    "name": "Require(31) node_modules/egg-security/app/extend/context.js",
    "start": 1629544490104,
    "end": 1629544490109,
    "duration": 5,
    "pid": 34280,
    "index": 38
  },
  {
    "name": "Require(32) node_modules/egg-jsonp/app/extend/context.js",
    "start": 1629544490109,
    "end": 1629544490109,
    "duration": 0,
    "pid": 34280,
    "index": 39
  },
  {
    "name": "Require(33) node_modules/egg-i18n/app/extend/context.js",
    "start": 1629544490110,
    "end": 1629544490110,
    "duration": 0,
    "pid": 34280,
    "index": 40
  },
  {
    "name": "Require(34) node_modules/egg-multipart/app/extend/context.js",
    "start": 1629544490110,
    "end": 1629544490133,
    "duration": 23,
    "pid": 34280,
    "index": 41
  },
  {
    "name": "Require(35) node_modules/egg-view/app/extend/context.js",
    "start": 1629544490133,
    "end": 1629544490134,
    "duration": 1,
    "pid": 34280,
    "index": 42
  },
  {
    "name": "Require(36) node_modules/egg/app/extend/context.js",
    "start": 1629544490134,
    "end": 1629544490134,
    "duration": 0,
    "pid": 34280,
    "index": 43
  },
  {
    "name": "Load extend/helper.js",
    "start": 1629544490135,
    "end": 1629544490182,
    "duration": 47,
    "pid": 34280,
    "index": 44
  },
  {
    "name": "Require(37) node_modules/egg-security/app/extend/helper.js",
    "start": 1629544490136,
    "end": 1629544490142,
    "duration": 6,
    "pid": 34280,
    "index": 45
  },
  {
    "name": "Require(38) node_modules/egg/app/extend/helper.js",
    "start": 1629544490143,
    "end": 1629544490143,
    "duration": 0,
    "pid": 34280,
    "index": 46
  },
  {
    "name": "Require(39) app/extend/helper.js",
    "start": 1629544490143,
    "end": 1629544490181,
    "duration": 38,
    "pid": 34280,
    "index": 47
  },
  {
    "name": "Load app.js",
    "start": 1629544490182,
    "end": 1629544490204,
    "duration": 22,
    "pid": 34280,
    "index": 48
  },
  {
    "name": "Require(40) node_modules/egg-session/app.js",
    "start": 1629544490182,
    "end": 1629544490182,
    "duration": 0,
    "pid": 34280,
    "index": 49
  },
  {
    "name": "Require(41) node_modules/egg-security/app.js",
    "start": 1629544490182,
    "end": 1629544490183,
    "duration": 1,
    "pid": 34280,
    "index": 50
  },
  {
    "name": "Require(42) node_modules/egg-onerror/app.js",
    "start": 1629544490183,
    "end": 1629544490186,
    "duration": 3,
    "pid": 34280,
    "index": 51
  },
  {
    "name": "Require(43) node_modules/egg-i18n/app.js",
    "start": 1629544490186,
    "end": 1629544490192,
    "duration": 6,
    "pid": 34280,
    "index": 52
  },
  {
    "name": "Require(44) node_modules/egg-watcher/app.js",
    "start": 1629544490192,
    "end": 1629544490193,
    "duration": 1,
    "pid": 34280,
    "index": 53
  },
  {
    "name": "Require(45) node_modules/egg-schedule/app.js",
    "start": 1629544490193,
    "end": 1629544490194,
    "duration": 1,
    "pid": 34280,
    "index": 54
  },
  {
    "name": "Require(46) node_modules/egg-multipart/app.js",
    "start": 1629544490194,
    "end": 1629544490194,
    "duration": 0,
    "pid": 34280,
    "index": 55
  },
  {
    "name": "Require(47) node_modules/egg-development/app.js",
    "start": 1629544490194,
    "end": 1629544490194,
    "duration": 0,
    "pid": 34280,
    "index": 56
  },
  {
    "name": "Require(48) node_modules/egg-logrotator/app.js",
    "start": 1629544490194,
    "end": 1629544490195,
    "duration": 1,
    "pid": 34280,
    "index": 57
  },
  {
    "name": "Require(49) node_modules/egg-static/app.js",
    "start": 1629544490195,
    "end": 1629544490195,
    "duration": 0,
    "pid": 34280,
    "index": 58
  },
  {
    "name": "Require(50) node_modules/egg-cors/app.js",
    "start": 1629544490195,
    "end": 1629544490195,
    "duration": 0,
    "pid": 34280,
    "index": 59
  },
  {
    "name": "Require(51) node_modules/egg-mysql/app.js",
    "start": 1629544490195,
    "end": 1629544490203,
    "duration": 8,
    "pid": 34280,
    "index": 60
  },
  {
    "name": "Require(52) node_modules/egg-redis/app.js",
    "start": 1629544490203,
    "end": 1629544490203,
    "duration": 0,
    "pid": 34280,
    "index": 61
  },
  {
    "name": "Before Start in node_modules/egg-watcher/lib/init.js:15:14",
    "start": 1629544490211,
    "end": 1629544490378,
    "duration": 167,
    "pid": 34280,
    "index": 62
  },
  {
    "name": "Before Start in node_modules/egg-mysql/lib/mysql.js:20:7",
    "start": 1629544490257,
    "end": 1629544490382,
    "duration": 125,
    "pid": 34280,
    "index": 63
  },
  {
    "name": "Before Start in node_modules/egg-redis/lib/redis.js:53:7",
    "start": 1629544490279,
    "end": 1629544490375,
    "duration": 96,
    "pid": 34280,
    "index": 64
  },
  {
    "name": "Load Service",
    "start": 1629544490279,
    "end": 1629544490289,
    "duration": 10,
    "pid": 34280,
    "index": 65
  },
  {
    "name": "Load \"service\" to Context",
    "start": 1629544490279,
    "end": 1629544490289,
    "duration": 10,
    "pid": 34280,
    "index": 66
  },
  {
    "name": "Load Middleware",
    "start": 1629544490289,
    "end": 1629544490326,
    "duration": 37,
    "pid": 34280,
    "index": 67
  },
  {
    "name": "Load \"middlewares\" to Application",
    "start": 1629544490290,
    "end": 1629544490320,
    "duration": 30,
    "pid": 34280,
    "index": 68
  },
  {
    "name": "Load Controller",
    "start": 1629544490326,
    "end": 1629544490351,
    "duration": 25,
    "pid": 34280,
    "index": 69
  },
  {
    "name": "Load \"controller\" to Application",
    "start": 1629544490326,
    "end": 1629544490351,
    "duration": 25,
    "pid": 34280,
    "index": 70
  },
  {
    "name": "Load Router",
    "start": 1629544490351,
    "end": 1629544490356,
    "duration": 5,
    "pid": 34280,
    "index": 71
  },
  {
    "name": "Require(53) app/router.js",
    "start": 1629544490351,
    "end": 1629544490351,
    "duration": 0,
    "pid": 34280,
    "index": 72
  },
  {
    "name": "Before Start in node_modules/egg-core/lib/egg.js:303:10",
    "start": 1629544490352,
    "end": 1629544490368,
    "duration": 16,
    "pid": 34280,
    "index": 73
  }
]