[
  {
    "name": "Application Start",
    "start": 1629544494987,
    "end": 1629544495653,
    "duration": 666,
    "pid": 34293,
    "index": 0
  },
  {
    "name": "Load Plugin",
    "start": 1629544494992,
    "end": 1629544494997,
    "duration": 5,
    "pid": 34293,
    "index": 1
  },
  {
    "name": "Load Config",
    "start": 1629544494997,
    "end": 1629544495011,
    "duration": 14,
    "pid": 34293,
    "index": 2
  },
  {
    "name": "Require(0) config/config.default.js",
    "start": 1629544494998,
    "end": 1629544494998,
    "duration": 0,
    "pid": 34293,
    "index": 3
  },
  {
    "name": "Require(1) config/config.local.js",
    "start": 1629544494999,
    "end": 1629544494999,
    "duration": 0,
    "pid": 34293,
    "index": 4
  },
  {
    "name": "Require(2) node_modules/egg-session/config/config.default.js",
    "start": 1629544494999,
    "end": 1629544494999,
    "duration": 0,
    "pid": 34293,
    "index": 5
  },
  {
    "name": "Require(3) node_modules/egg-security/config/config.default.js",
    "start": 1629544495000,
    "end": 1629544495000,
    "duration": 0,
    "pid": 34293,
    "index": 6
  },
  {
    "name": "Require(4) node_modules/egg-jsonp/config/config.default.js",
    "start": 1629544495000,
    "end": 1629544495001,
    "duration": 1,
    "pid": 34293,
    "index": 7
  },
  {
    "name": "Require(5) node_modules/egg-onerror/config/config.default.js",
    "start": 1629544495001,
    "end": 1629544495001,
    "duration": 0,
    "pid": 34293,
    "index": 8
  },
  {
    "name": "Require(6) node_modules/egg-i18n/config/config.default.js",
    "start": 1629544495001,
    "end": 1629544495001,
    "duration": 0,
    "pid": 34293,
    "index": 9
  },
  {
    "name": "Require(7) node_modules/egg-watcher/config/config.default.js",
    "start": 1629544495002,
    "end": 1629544495002,
    "duration": 0,
    "pid": 34293,
    "index": 10
  },
  {
    "name": "Require(8) node_modules/egg-schedule/config/config.default.js",
    "start": 1629544495002,
    "end": 1629544495002,
    "duration": 0,
    "pid": 34293,
    "index": 11
  },
  {
    "name": "Require(9) node_modules/egg-multipart/config/config.default.js",
    "start": 1629544495002,
    "end": 1629544495002,
    "duration": 0,
    "pid": 34293,
    "index": 12
  },
  {
    "name": "Require(10) node_modules/egg-development/config/config.default.js",
    "start": 1629544495003,
    "end": 1629544495003,
    "duration": 0,
    "pid": 34293,
    "index": 13
  },
  {
    "name": "Require(11) node_modules/egg-logrotator/config/config.default.js",
    "start": 1629544495003,
    "end": 1629544495003,
    "duration": 0,
    "pid": 34293,
    "index": 14
  },
  {
    "name": "Require(12) node_modules/egg-static/config/config.default.js",
    "start": 1629544495003,
    "end": 1629544495004,
    "duration": 1,
    "pid": 34293,
    "index": 15
  },
  {
    "name": "Require(13) node_modules/egg-view/config/config.default.js",
    "start": 1629544495004,
    "end": 1629544495004,
    "duration": 0,
    "pid": 34293,
    "index": 16
  },
  {
    "name": "Require(14) node_modules/egg-cors/config/config.default.js",
    "start": 1629544495004,
    "end": 1629544495004,
    "duration": 0,
    "pid": 34293,
    "index": 17
  },
  {
    "name": "Require(15) node_modules/egg-mysql/config/config.default.js",
    "start": 1629544495005,
    "end": 1629544495005,
    "duration": 0,
    "pid": 34293,
    "index": 18
  },
  {
    "name": "Require(16) node_modules/egg-redis/config/config.default.js",
    "start": 1629544495005,
    "end": 1629544495005,
    "duration": 0,
    "pid": 34293,
    "index": 19
  },
  {
    "name": "Require(17) node_modules/egg/config/config.default.js",
    "start": 1629544495005,
    "end": 1629544495006,
    "duration": 1,
    "pid": 34293,
    "index": 20
  },
  {
    "name": "Require(18) config/config.default.js",
    "start": 1629544495008,
    "end": 1629544495009,
    "duration": 1,
    "pid": 34293,
    "index": 21
  },
  {
    "name": "Require(19) node_modules/egg-security/config/config.local.js",
    "start": 1629544495009,
    "end": 1629544495009,
    "duration": 0,
    "pid": 34293,
    "index": 22
  },
  {
    "name": "Require(20) node_modules/egg-watcher/config/config.local.js",
    "start": 1629544495009,
    "end": 1629544495009,
    "duration": 0,
    "pid": 34293,
    "index": 23
  },
  {
    "name": "Require(21) node_modules/egg-view/config/config.local.js",
    "start": 1629544495010,
    "end": 1629544495010,
    "duration": 0,
    "pid": 34293,
    "index": 24
  },
  {
    "name": "Require(22) node_modules/egg/config/config.local.js",
    "start": 1629544495010,
    "end": 1629544495010,
    "duration": 0,
    "pid": 34293,
    "index": 25
  },
  {
    "name": "Require(23) config/config.local.js",
    "start": 1629544495010,
    "end": 1629544495010,
    "duration": 0,
    "pid": 34293,
    "index": 26
  },
  {
    "name": "Load extend/application.js",
    "start": 1629544495011,
    "end": 1629544495015,
    "duration": 4,
    "pid": 34293,
    "index": 27
  },
  {
    "name": "Require(24) node_modules/egg-session/app/extend/application.js",
    "start": 1629544495011,
    "end": 1629544495012,
    "duration": 1,
    "pid": 34293,
    "index": 28
  },
  {
    "name": "Require(25) node_modules/egg-security/app/extend/application.js",
    "start": 1629544495012,
    "end": 1629544495012,
    "duration": 0,
    "pid": 34293,
    "index": 29
  },
  {
    "name": "Require(26) node_modules/egg-jsonp/app/extend/application.js",
    "start": 1629544495012,
    "end": 1629544495013,
    "duration": 1,
    "pid": 34293,
    "index": 30
  },
  {
    "name": "Require(27) node_modules/egg-logrotator/app/extend/application.js",
    "start": 1629544495013,
    "end": 1629544495014,
    "duration": 1,
    "pid": 34293,
    "index": 31
  },
  {
    "name": "Require(28) node_modules/egg-view/app/extend/application.js",
    "start": 1629544495014,
    "end": 1629544495014,
    "duration": 0,
    "pid": 34293,
    "index": 32
  },
  {
    "name": "Load extend/request.js",
    "start": 1629544495015,
    "end": 1629544495017,
    "duration": 2,
    "pid": 34293,
    "index": 33
  },
  {
    "name": "Require(29) node_modules/egg/app/extend/request.js",
    "start": 1629544495016,
    "end": 1629544495017,
    "duration": 1,
    "pid": 34293,
    "index": 34
  },
  {
    "name": "Load extend/response.js",
    "start": 1629544495017,
    "end": 1629544495020,
    "duration": 3,
    "pid": 34293,
    "index": 35
  },
  {
    "name": "Require(30) node_modules/egg/app/extend/response.js",
    "start": 1629544495019,
    "end": 1629544495020,
    "duration": 1,
    "pid": 34293,
    "index": 36
  },
  {
    "name": "Load extend/context.js",
    "start": 1629544495020,
    "end": 1629544495063,
    "duration": 43,
    "pid": 34293,
    "index": 37
  },
  {
    "name": "Require(31) node_modules/egg-security/app/extend/context.js",
    "start": 1629544495021,
    "end": 1629544495024,
    "duration": 3,
    "pid": 34293,
    "index": 38
  },
  {
    "name": "Require(32) node_modules/egg-jsonp/app/extend/context.js",
    "start": 1629544495024,
    "end": 1629544495026,
    "duration": 2,
    "pid": 34293,
    "index": 39
  },
  {
    "name": "Require(33) node_modules/egg-i18n/app/extend/context.js",
    "start": 1629544495027,
    "end": 1629544495027,
    "duration": 0,
    "pid": 34293,
    "index": 40
  },
  {
    "name": "Require(34) node_modules/egg-multipart/app/extend/context.js",
    "start": 1629544495027,
    "end": 1629544495060,
    "duration": 33,
    "pid": 34293,
    "index": 41
  },
  {
    "name": "Require(35) node_modules/egg-view/app/extend/context.js",
    "start": 1629544495060,
    "end": 1629544495061,
    "duration": 1,
    "pid": 34293,
    "index": 42
  },
  {
    "name": "Require(36) node_modules/egg/app/extend/context.js",
    "start": 1629544495061,
    "end": 1629544495062,
    "duration": 1,
    "pid": 34293,
    "index": 43
  },
  {
    "name": "Load extend/helper.js",
    "start": 1629544495063,
    "end": 1629544495142,
    "duration": 79,
    "pid": 34293,
    "index": 44
  },
  {
    "name": "Require(37) node_modules/egg-security/app/extend/helper.js",
    "start": 1629544495064,
    "end": 1629544495077,
    "duration": 13,
    "pid": 34293,
    "index": 45
  },
  {
    "name": "Require(38) node_modules/egg/app/extend/helper.js",
    "start": 1629544495078,
    "end": 1629544495078,
    "duration": 0,
    "pid": 34293,
    "index": 46
  },
  {
    "name": "Require(39) app/extend/helper.js",
    "start": 1629544495078,
    "end": 1629544495142,
    "duration": 64,
    "pid": 34293,
    "index": 47
  },
  {
    "name": "Load app.js",
    "start": 1629544495143,
    "end": 1629544495166,
    "duration": 23,
    "pid": 34293,
    "index": 48
  },
  {
    "name": "Require(40) node_modules/egg-session/app.js",
    "start": 1629544495143,
    "end": 1629544495143,
    "duration": 0,
    "pid": 34293,
    "index": 49
  },
  {
    "name": "Require(41) node_modules/egg-security/app.js",
    "start": 1629544495143,
    "end": 1629544495143,
    "duration": 0,
    "pid": 34293,
    "index": 50
  },
  {
    "name": "Require(42) node_modules/egg-onerror/app.js",
    "start": 1629544495144,
    "end": 1629544495146,
    "duration": 2,
    "pid": 34293,
    "index": 51
  },
  {
    "name": "Require(43) node_modules/egg-i18n/app.js",
    "start": 1629544495147,
    "end": 1629544495154,
    "duration": 7,
    "pid": 34293,
    "index": 52
  },
  {
    "name": "Require(44) node_modules/egg-watcher/app.js",
    "start": 1629544495154,
    "end": 1629544495155,
    "duration": 1,
    "pid": 34293,
    "index": 53
  },
  {
    "name": "Require(45) node_modules/egg-schedule/app.js",
    "start": 1629544495155,
    "end": 1629544495156,
    "duration": 1,
    "pid": 34293,
    "index": 54
  },
  {
    "name": "Require(46) node_modules/egg-multipart/app.js",
    "start": 1629544495156,
    "end": 1629544495156,
    "duration": 0,
    "pid": 34293,
    "index": 55
  },
  {
    "name": "Require(47) node_modules/egg-development/app.js",
    "start": 1629544495156,
    "end": 1629544495156,
    "duration": 0,
    "pid": 34293,
    "index": 56
  },
  {
    "name": "Require(48) node_modules/egg-logrotator/app.js",
    "start": 1629544495157,
    "end": 1629544495157,
    "duration": 0,
    "pid": 34293,
    "index": 57
  },
  {
    "name": "Require(49) node_modules/egg-static/app.js",
    "start": 1629544495157,
    "end": 1629544495157,
    "duration": 0,
    "pid": 34293,
    "index": 58
  },
  {
    "name": "Require(50) node_modules/egg-cors/app.js",
    "start": 1629544495157,
    "end": 1629544495157,
    "duration": 0,
    "pid": 34293,
    "index": 59
  },
  {
    "name": "Require(51) node_modules/egg-mysql/app.js",
    "start": 1629544495157,
    "end": 1629544495163,
    "duration": 6,
    "pid": 34293,
    "index": 60
  },
  {
    "name": "Require(52) node_modules/egg-redis/app.js",
    "start": 1629544495163,
    "end": 1629544495163,
    "duration": 0,
    "pid": 34293,
    "index": 61
  },
  {
    "name": "Before Start in node_modules/egg-watcher/lib/init.js:15:14",
    "start": 1629544495177,
    "end": 1629544495628,
    "duration": 451,
    "pid": 34293,
    "index": 62
  },
  {
    "name": "Before Start in node_modules/egg-mysql/lib/mysql.js:20:7",
    "start": 1629544495241,
    "end": 1629544495652,
    "duration": 411,
    "pid": 34293,
    "index": 63
  },
  {
    "name": "Before Start in node_modules/egg-redis/lib/redis.js:53:7",
    "start": 1629544495400,
    "end": 1629544495622,
    "duration": 222,
    "pid": 34293,
    "index": 64
  },
  {
    "name": "Load Service",
    "start": 1629544495400,
    "end": 1629544495415,
    "duration": 15,
    "pid": 34293,
    "index": 65
  },
  {
    "name": "Load \"service\" to Context",
    "start": 1629544495400,
    "end": 1629544495415,
    "duration": 15,
    "pid": 34293,
    "index": 66
  },
  {
    "name": "Load Middleware",
    "start": 1629544495415,
    "end": 1629544495508,
    "duration": 93,
    "pid": 34293,
    "index": 67
  },
  {
    "name": "Load \"middlewares\" to Application",
    "start": 1629544495416,
    "end": 1629544495498,
    "duration": 82,
    "pid": 34293,
    "index": 68
  },
  {
    "name": "Load Controller",
    "start": 1629544495508,
    "end": 1629544495575,
    "duration": 67,
    "pid": 34293,
    "index": 69
  },
  {
    "name": "Load \"controller\" to Application",
    "start": 1629544495509,
    "end": 1629544495575,
    "duration": 66,
    "pid": 34293,
    "index": 70
  },
  {
    "name": "Load Router",
    "start": 1629544495575,
    "end": 1629544495582,
    "duration": 7,
    "pid": 34293,
    "index": 71
  },
  {
    "name": "Require(53) app/router.js",
    "start": 1629544495575,
    "end": 1629544495576,
    "duration": 1,
    "pid": 34293,
    "index": 72
  },
  {
    "name": "Before Start in node_modules/egg-core/lib/egg.js:303:10",
    "start": 1629544495576,
    "end": 1629544495606,
    "duration": 30,
    "pid": 34293,
    "index": 73
  }
]