[
  {
    "name": "Application Start",
    "start": 1629542563296,
    "end": 1629542563794,
    "duration": 498,
    "pid": 33850,
    "index": 0
  },
  {
    "name": "Load Plugin",
    "start": 1629542563304,
    "end": 1629542563317,
    "duration": 13,
    "pid": 33850,
    "index": 1
  },
  {
    "name": "Load Config",
    "start": 1629542563317,
    "end": 1629542563332,
    "duration": 15,
    "pid": 33850,
    "index": 2
  },
  {
    "name": "Require(0) config/config.default.js",
    "start": 1629542563317,
    "end": 1629542563318,
    "duration": 1,
    "pid": 33850,
    "index": 3
  },
  {
    "name": "Require(1) config/config.local.js",
    "start": 1629542563319,
    "end": 1629542563319,
    "duration": 0,
    "pid": 33850,
    "index": 4
  },
  {
    "name": "Require(2) node_modules/egg-session/config/config.default.js",
    "start": 1629542563320,
    "end": 1629542563320,
    "duration": 0,
    "pid": 33850,
    "index": 5
  },
  {
    "name": "Require(3) node_modules/egg-security/config/config.default.js",
    "start": 1629542563320,
    "end": 1629542563320,
    "duration": 0,
    "pid": 33850,
    "index": 6
  },
  {
    "name": "Require(4) node_modules/egg-jsonp/config/config.default.js",
    "start": 1629542563321,
    "end": 1629542563321,
    "duration": 0,
    "pid": 33850,
    "index": 7
  },
  {
    "name": "Require(5) node_modules/egg-onerror/config/config.default.js",
    "start": 1629542563321,
    "end": 1629542563321,
    "duration": 0,
    "pid": 33850,
    "index": 8
  },
  {
    "name": "Require(6) node_modules/egg-i18n/config/config.default.js",
    "start": 1629542563322,
    "end": 1629542563322,
    "duration": 0,
    "pid": 33850,
    "index": 9
  },
  {
    "name": "Require(7) node_modules/egg-watcher/config/config.default.js",
    "start": 1629542563322,
    "end": 1629542563322,
    "duration": 0,
    "pid": 33850,
    "index": 10
  },
  {
    "name": "Require(8) node_modules/egg-schedule/config/config.default.js",
    "start": 1629542563323,
    "end": 1629542563323,
    "duration": 0,
    "pid": 33850,
    "index": 11
  },
  {
    "name": "Require(9) node_modules/egg-multipart/config/config.default.js",
    "start": 1629542563323,
    "end": 1629542563323,
    "duration": 0,
    "pid": 33850,
    "index": 12
  },
  {
    "name": "Require(10) node_modules/egg-development/config/config.default.js",
    "start": 1629542563324,
    "end": 1629542563324,
    "duration": 0,
    "pid": 33850,
    "index": 13
  },
  {
    "name": "Require(11) node_modules/egg-logrotator/config/config.default.js",
    "start": 1629542563324,
    "end": 1629542563325,
    "duration": 1,
    "pid": 33850,
    "index": 14
  },
  {
    "name": "Require(12) node_modules/egg-static/config/config.default.js",
    "start": 1629542563325,
    "end": 1629542563325,
    "duration": 0,
    "pid": 33850,
    "index": 15
  },
  {
    "name": "Require(13) node_modules/egg-view/config/config.default.js",
    "start": 1629542563326,
    "end": 1629542563326,
    "duration": 0,
    "pid": 33850,
    "index": 16
  },
  {
    "name": "Require(14) node_modules/egg-cors/config/config.default.js",
    "start": 1629542563326,
    "end": 1629542563326,
    "duration": 0,
    "pid": 33850,
    "index": 17
  },
  {
    "name": "Require(15) node_modules/egg-mysql/config/config.default.js",
    "start": 1629542563326,
    "end": 1629542563327,
    "duration": 1,
    "pid": 33850,
    "index": 18
  },
  {
    "name": "Require(16) node_modules/egg-redis/config/config.default.js",
    "start": 1629542563327,
    "end": 1629542563327,
    "duration": 0,
    "pid": 33850,
    "index": 19
  },
  {
    "name": "Require(17) node_modules/egg/config/config.default.js",
    "start": 1629542563327,
    "end": 1629542563327,
    "duration": 0,
    "pid": 33850,
    "index": 20
  },
  {
    "name": "Require(18) config/config.default.js",
    "start": 1629542563329,
    "end": 1629542563329,
    "duration": 0,
    "pid": 33850,
    "index": 21
  },
  {
    "name": "Require(19) node_modules/egg-security/config/config.local.js",
    "start": 1629542563329,
    "end": 1629542563329,
    "duration": 0,
    "pid": 33850,
    "index": 22
  },
  {
    "name": "Require(20) node_modules/egg-watcher/config/config.local.js",
    "start": 1629542563329,
    "end": 1629542563330,
    "duration": 1,
    "pid": 33850,
    "index": 23
  },
  {
    "name": "Require(21) node_modules/egg-view/config/config.local.js",
    "start": 1629542563330,
    "end": 1629542563330,
    "duration": 0,
    "pid": 33850,
    "index": 24
  },
  {
    "name": "Require(22) node_modules/egg/config/config.local.js",
    "start": 1629542563331,
    "end": 1629542563332,
    "duration": 1,
    "pid": 33850,
    "index": 25
  },
  {
    "name": "Require(23) config/config.local.js",
    "start": 1629542563332,
    "end": 1629542563332,
    "duration": 0,
    "pid": 33850,
    "index": 26
  },
  {
    "name": "Load extend/application.js",
    "start": 1629542563333,
    "end": 1629542563341,
    "duration": 8,
    "pid": 33850,
    "index": 27
  },
  {
    "name": "Require(24) node_modules/egg-session/app/extend/application.js",
    "start": 1629542563334,
    "end": 1629542563335,
    "duration": 1,
    "pid": 33850,
    "index": 28
  },
  {
    "name": "Require(25) node_modules/egg-security/app/extend/application.js",
    "start": 1629542563335,
    "end": 1629542563336,
    "duration": 1,
    "pid": 33850,
    "index": 29
  },
  {
    "name": "Require(26) node_modules/egg-jsonp/app/extend/application.js",
    "start": 1629542563336,
    "end": 1629542563337,
    "duration": 1,
    "pid": 33850,
    "index": 30
  },
  {
    "name": "Require(27) node_modules/egg-logrotator/app/extend/application.js",
    "start": 1629542563338,
    "end": 1629542563339,
    "duration": 1,
    "pid": 33850,
    "index": 31
  },
  {
    "name": "Require(28) node_modules/egg-view/app/extend/application.js",
    "start": 1629542563339,
    "end": 1629542563340,
    "duration": 1,
    "pid": 33850,
    "index": 32
  },
  {
    "name": "Load extend/request.js",
    "start": 1629542563341,
    "end": 1629542563344,
    "duration": 3,
    "pid": 33850,
    "index": 33
  },
  {
    "name": "Require(29) node_modules/egg/app/extend/request.js",
    "start": 1629542563342,
    "end": 1629542563343,
    "duration": 1,
    "pid": 33850,
    "index": 34
  },
  {
    "name": "Load extend/response.js",
    "start": 1629542563344,
    "end": 1629542563348,
    "duration": 4,
    "pid": 33850,
    "index": 35
  },
  {
    "name": "Require(30) node_modules/egg/app/extend/response.js",
    "start": 1629542563345,
    "end": 1629542563347,
    "duration": 2,
    "pid": 33850,
    "index": 36
  },
  {
    "name": "Load extend/context.js",
    "start": 1629542563348,
    "end": 1629542563403,
    "duration": 55,
    "pid": 33850,
    "index": 37
  },
  {
    "name": "Require(31) node_modules/egg-security/app/extend/context.js",
    "start": 1629542563348,
    "end": 1629542563358,
    "duration": 10,
    "pid": 33850,
    "index": 38
  },
  {
    "name": "Require(32) node_modules/egg-jsonp/app/extend/context.js",
    "start": 1629542563359,
    "end": 1629542563360,
    "duration": 1,
    "pid": 33850,
    "index": 39
  },
  {
    "name": "Require(33) node_modules/egg-i18n/app/extend/context.js",
    "start": 1629542563360,
    "end": 1629542563361,
    "duration": 1,
    "pid": 33850,
    "index": 40
  },
  {
    "name": "Require(34) node_modules/egg-multipart/app/extend/context.js",
    "start": 1629542563361,
    "end": 1629542563400,
    "duration": 39,
    "pid": 33850,
    "index": 41
  },
  {
    "name": "Require(35) node_modules/egg-view/app/extend/context.js",
    "start": 1629542563400,
    "end": 1629542563401,
    "duration": 1,
    "pid": 33850,
    "index": 42
  },
  {
    "name": "Require(36) node_modules/egg/app/extend/context.js",
    "start": 1629542563401,
    "end": 1629542563402,
    "duration": 1,
    "pid": 33850,
    "index": 43
  },
  {
    "name": "Load extend/helper.js",
    "start": 1629542563403,
    "end": 1629542563481,
    "duration": 78,
    "pid": 33850,
    "index": 44
  },
  {
    "name": "Require(37) node_modules/egg-security/app/extend/helper.js",
    "start": 1629542563403,
    "end": 1629542563414,
    "duration": 11,
    "pid": 33850,
    "index": 45
  },
  {
    "name": "Require(38) node_modules/egg/app/extend/helper.js",
    "start": 1629542563415,
    "end": 1629542563415,
    "duration": 0,
    "pid": 33850,
    "index": 46
  },
  {
    "name": "Require(39) app/extend/helper.js",
    "start": 1629542563415,
    "end": 1629542563480,
    "duration": 65,
    "pid": 33850,
    "index": 47
  },
  {
    "name": "Load app.js",
    "start": 1629542563481,
    "end": 1629542563523,
    "duration": 42,
    "pid": 33850,
    "index": 48
  },
  {
    "name": "Require(40) node_modules/egg-session/app.js",
    "start": 1629542563481,
    "end": 1629542563482,
    "duration": 1,
    "pid": 33850,
    "index": 49
  },
  {
    "name": "Require(41) node_modules/egg-security/app.js",
    "start": 1629542563482,
    "end": 1629542563483,
    "duration": 1,
    "pid": 33850,
    "index": 50
  },
  {
    "name": "Require(42) node_modules/egg-onerror/app.js",
    "start": 1629542563483,
    "end": 1629542563491,
    "duration": 8,
    "pid": 33850,
    "index": 51
  },
  {
    "name": "Require(43) node_modules/egg-i18n/app.js",
    "start": 1629542563491,
    "end": 1629542563501,
    "duration": 10,
    "pid": 33850,
    "index": 52
  },
  {
    "name": "Require(44) node_modules/egg-watcher/app.js",
    "start": 1629542563501,
    "end": 1629542563503,
    "duration": 2,
    "pid": 33850,
    "index": 53
  },
  {
    "name": "Require(45) node_modules/egg-schedule/app.js",
    "start": 1629542563503,
    "end": 1629542563504,
    "duration": 1,
    "pid": 33850,
    "index": 54
  },
  {
    "name": "Require(46) node_modules/egg-multipart/app.js",
    "start": 1629542563504,
    "end": 1629542563505,
    "duration": 1,
    "pid": 33850,
    "index": 55
  },
  {
    "name": "Require(47) node_modules/egg-development/app.js",
    "start": 1629542563505,
    "end": 1629542563505,
    "duration": 0,
    "pid": 33850,
    "index": 56
  },
  {
    "name": "Require(48) node_modules/egg-logrotator/app.js",
    "start": 1629542563505,
    "end": 1629542563506,
    "duration": 1,
    "pid": 33850,
    "index": 57
  },
  {
    "name": "Require(49) node_modules/egg-static/app.js",
    "start": 1629542563506,
    "end": 1629542563506,
    "duration": 0,
    "pid": 33850,
    "index": 58
  },
  {
    "name": "Require(50) node_modules/egg-cors/app.js",
    "start": 1629542563507,
    "end": 1629542563507,
    "duration": 0,
    "pid": 33850,
    "index": 59
  },
  {
    "name": "Require(51) node_modules/egg-mysql/app.js",
    "start": 1629542563507,
    "end": 1629542563522,
    "duration": 15,
    "pid": 33850,
    "index": 60
  },
  {
    "name": "Require(52) node_modules/egg-redis/app.js",
    "start": 1629542563522,
    "end": 1629542563523,
    "duration": 1,
    "pid": 33850,
    "index": 61
  },
  {
    "name": "Before Start in node_modules/egg-watcher/lib/init.js:15:14",
    "start": 1629542563531,
    "end": 1629542563788,
    "duration": 257,
    "pid": 33850,
    "index": 62
  },
  {
    "name": "Before Start in node_modules/egg-mysql/lib/mysql.js:20:7",
    "start": 1629542563601,
    "end": 1629542563794,
    "duration": 193,
    "pid": 33850,
    "index": 63
  },
  {
    "name": "Before Start in node_modules/egg-redis/lib/redis.js:53:7",
    "start": 1629542563641,
    "end": 1629542563790,
    "duration": 149,
    "pid": 33850,
    "index": 64
  },
  {
    "name": "Load Service",
    "start": 1629542563641,
    "end": 1629542563661,
    "duration": 20,
    "pid": 33850,
    "index": 65
  },
  {
    "name": "Load \"service\" to Context",
    "start": 1629542563641,
    "end": 1629542563661,
    "duration": 20,
    "pid": 33850,
    "index": 66
  },
  {
    "name": "Load Middleware",
    "start": 1629542563661,
    "end": 1629542563723,
    "duration": 62,
    "pid": 33850,
    "index": 67
  },
  {
    "name": "Load \"middlewares\" to Application",
    "start": 1629542563661,
    "end": 1629542563715,
    "duration": 54,
    "pid": 33850,
    "index": 68
  },
  {
    "name": "Load Controller",
    "start": 1629542563723,
    "end": 1629542563760,
    "duration": 37,
    "pid": 33850,
    "index": 69
  },
  {
    "name": "Load \"controller\" to Application",
    "start": 1629542563723,
    "end": 1629542563760,
    "duration": 37,
    "pid": 33850,
    "index": 70
  },
  {
    "name": "Load Router",
    "start": 1629542563760,
    "end": 1629542563766,
    "duration": 6,
    "pid": 33850,
    "index": 71
  },
  {
    "name": "Require(53) app/router.js",
    "start": 1629542563760,
    "end": 1629542563761,
    "duration": 1,
    "pid": 33850,
    "index": 72
  },
  {
    "name": "Before Start in node_modules/egg-core/lib/egg.js:303:10",
    "start": 1629542563761,
    "end": 1629542563778,
    "duration": 17,
    "pid": 33850,
    "index": 73
  }
]