[
  {
    "name": "Application Start",
    "start": 1629545854536,
    "end": 1629545855325,
    "duration": 789,
    "pid": 35038,
    "index": 0
  },
  {
    "name": "Load Plugin",
    "start": 1629545854541,
    "end": 1629545854553,
    "duration": 12,
    "pid": 35038,
    "index": 1
  },
  {
    "name": "Load Config",
    "start": 1629545854553,
    "end": 1629545854573,
    "duration": 20,
    "pid": 35038,
    "index": 2
  },
  {
    "name": "Require(0) config/config.default.js",
    "start": 1629545854554,
    "end": 1629545854554,
    "duration": 0,
    "pid": 35038,
    "index": 3
  },
  {
    "name": "Require(1) config/config.local.js",
    "start": 1629545854555,
    "end": 1629545854556,
    "duration": 1,
    "pid": 35038,
    "index": 4
  },
  {
    "name": "Require(2) node_modules/egg-session/config/config.default.js",
    "start": 1629545854557,
    "end": 1629545854558,
    "duration": 1,
    "pid": 35038,
    "index": 5
  },
  {
    "name": "Require(3) node_modules/egg-security/config/config.default.js",
    "start": 1629545854558,
    "end": 1629545854558,
    "duration": 0,
    "pid": 35038,
    "index": 6
  },
  {
    "name": "Require(4) node_modules/egg-jsonp/config/config.default.js",
    "start": 1629545854559,
    "end": 1629545854560,
    "duration": 1,
    "pid": 35038,
    "index": 7
  },
  {
    "name": "Require(5) node_modules/egg-onerror/config/config.default.js",
    "start": 1629545854560,
    "end": 1629545854560,
    "duration": 0,
    "pid": 35038,
    "index": 8
  },
  {
    "name": "Require(6) node_modules/egg-i18n/config/config.default.js",
    "start": 1629545854560,
    "end": 1629545854561,
    "duration": 1,
    "pid": 35038,
    "index": 9
  },
  {
    "name": "Require(7) node_modules/egg-watcher/config/config.default.js",
    "start": 1629545854561,
    "end": 1629545854561,
    "duration": 0,
    "pid": 35038,
    "index": 10
  },
  {
    "name": "Require(8) node_modules/egg-schedule/config/config.default.js",
    "start": 1629545854562,
    "end": 1629545854562,
    "duration": 0,
    "pid": 35038,
    "index": 11
  },
  {
    "name": "Require(9) node_modules/egg-multipart/config/config.default.js",
    "start": 1629545854562,
    "end": 1629545854563,
    "duration": 1,
    "pid": 35038,
    "index": 12
  },
  {
    "name": "Require(10) node_modules/egg-development/config/config.default.js",
    "start": 1629545854563,
    "end": 1629545854564,
    "duration": 1,
    "pid": 35038,
    "index": 13
  },
  {
    "name": "Require(11) node_modules/egg-logrotator/config/config.default.js",
    "start": 1629545854564,
    "end": 1629545854564,
    "duration": 0,
    "pid": 35038,
    "index": 14
  },
  {
    "name": "Require(12) node_modules/egg-static/config/config.default.js",
    "start": 1629545854565,
    "end": 1629545854565,
    "duration": 0,
    "pid": 35038,
    "index": 15
  },
  {
    "name": "Require(13) node_modules/egg-view/config/config.default.js",
    "start": 1629545854565,
    "end": 1629545854566,
    "duration": 1,
    "pid": 35038,
    "index": 16
  },
  {
    "name": "Require(14) node_modules/egg-cors/config/config.default.js",
    "start": 1629545854566,
    "end": 1629545854566,
    "duration": 0,
    "pid": 35038,
    "index": 17
  },
  {
    "name": "Require(15) node_modules/egg-mysql/config/config.default.js",
    "start": 1629545854567,
    "end": 1629545854567,
    "duration": 0,
    "pid": 35038,
    "index": 18
  },
  {
    "name": "Require(16) node_modules/egg-redis/config/config.default.js",
    "start": 1629545854567,
    "end": 1629545854568,
    "duration": 1,
    "pid": 35038,
    "index": 19
  },
  {
    "name": "Require(17) node_modules/egg/config/config.default.js",
    "start": 1629545854568,
    "end": 1629545854568,
    "duration": 0,
    "pid": 35038,
    "index": 20
  },
  {
    "name": "Require(18) config/config.default.js",
    "start": 1629545854570,
    "end": 1629545854570,
    "duration": 0,
    "pid": 35038,
    "index": 21
  },
  {
    "name": "Require(19) node_modules/egg-security/config/config.local.js",
    "start": 1629545854570,
    "end": 1629545854570,
    "duration": 0,
    "pid": 35038,
    "index": 22
  },
  {
    "name": "Require(20) node_modules/egg-watcher/config/config.local.js",
    "start": 1629545854571,
    "end": 1629545854571,
    "duration": 0,
    "pid": 35038,
    "index": 23
  },
  {
    "name": "Require(21) node_modules/egg-view/config/config.local.js",
    "start": 1629545854571,
    "end": 1629545854572,
    "duration": 1,
    "pid": 35038,
    "index": 24
  },
  {
    "name": "Require(22) node_modules/egg/config/config.local.js",
    "start": 1629545854572,
    "end": 1629545854572,
    "duration": 0,
    "pid": 35038,
    "index": 25
  },
  {
    "name": "Require(23) config/config.local.js",
    "start": 1629545854573,
    "end": 1629545854573,
    "duration": 0,
    "pid": 35038,
    "index": 26
  },
  {
    "name": "Load extend/application.js",
    "start": 1629545854574,
    "end": 1629545854581,
    "duration": 7,
    "pid": 35038,
    "index": 27
  },
  {
    "name": "Require(24) node_modules/egg-session/app/extend/application.js",
    "start": 1629545854574,
    "end": 1629545854575,
    "duration": 1,
    "pid": 35038,
    "index": 28
  },
  {
    "name": "Require(25) node_modules/egg-security/app/extend/application.js",
    "start": 1629545854575,
    "end": 1629545854576,
    "duration": 1,
    "pid": 35038,
    "index": 29
  },
  {
    "name": "Require(26) node_modules/egg-jsonp/app/extend/application.js",
    "start": 1629545854576,
    "end": 1629545854577,
    "duration": 1,
    "pid": 35038,
    "index": 30
  },
  {
    "name": "Require(27) node_modules/egg-logrotator/app/extend/application.js",
    "start": 1629545854577,
    "end": 1629545854578,
    "duration": 1,
    "pid": 35038,
    "index": 31
  },
  {
    "name": "Require(28) node_modules/egg-view/app/extend/application.js",
    "start": 1629545854578,
    "end": 1629545854579,
    "duration": 1,
    "pid": 35038,
    "index": 32
  },
  {
    "name": "Load extend/request.js",
    "start": 1629545854581,
    "end": 1629545854583,
    "duration": 2,
    "pid": 35038,
    "index": 33
  },
  {
    "name": "Require(29) node_modules/egg/app/extend/request.js",
    "start": 1629545854581,
    "end": 1629545854582,
    "duration": 1,
    "pid": 35038,
    "index": 34
  },
  {
    "name": "Load extend/response.js",
    "start": 1629545854583,
    "end": 1629545854588,
    "duration": 5,
    "pid": 35038,
    "index": 35
  },
  {
    "name": "Require(30) node_modules/egg/app/extend/response.js",
    "start": 1629545854585,
    "end": 1629545854587,
    "duration": 2,
    "pid": 35038,
    "index": 36
  },
  {
    "name": "Load extend/context.js",
    "start": 1629545854588,
    "end": 1629545854648,
    "duration": 60,
    "pid": 35038,
    "index": 37
  },
  {
    "name": "Require(31) node_modules/egg-security/app/extend/context.js",
    "start": 1629545854588,
    "end": 1629545854601,
    "duration": 13,
    "pid": 35038,
    "index": 38
  },
  {
    "name": "Require(32) node_modules/egg-jsonp/app/extend/context.js",
    "start": 1629545854601,
    "end": 1629545854603,
    "duration": 2,
    "pid": 35038,
    "index": 39
  },
  {
    "name": "Require(33) node_modules/egg-i18n/app/extend/context.js",
    "start": 1629545854603,
    "end": 1629545854604,
    "duration": 1,
    "pid": 35038,
    "index": 40
  },
  {
    "name": "Require(34) node_modules/egg-multipart/app/extend/context.js",
    "start": 1629545854604,
    "end": 1629545854645,
    "duration": 41,
    "pid": 35038,
    "index": 41
  },
  {
    "name": "Require(35) node_modules/egg-view/app/extend/context.js",
    "start": 1629545854645,
    "end": 1629545854646,
    "duration": 1,
    "pid": 35038,
    "index": 42
  },
  {
    "name": "Require(36) node_modules/egg/app/extend/context.js",
    "start": 1629545854647,
    "end": 1629545854647,
    "duration": 0,
    "pid": 35038,
    "index": 43
  },
  {
    "name": "Load extend/helper.js",
    "start": 1629545854649,
    "end": 1629545854747,
    "duration": 98,
    "pid": 35038,
    "index": 44
  },
  {
    "name": "Require(37) node_modules/egg-security/app/extend/helper.js",
    "start": 1629545854649,
    "end": 1629545854663,
    "duration": 14,
    "pid": 35038,
    "index": 45
  },
  {
    "name": "Require(38) node_modules/egg/app/extend/helper.js",
    "start": 1629545854664,
    "end": 1629545854665,
    "duration": 1,
    "pid": 35038,
    "index": 46
  },
  {
    "name": "Require(39) app/extend/helper.js",
    "start": 1629545854665,
    "end": 1629545854746,
    "duration": 81,
    "pid": 35038,
    "index": 47
  },
  {
    "name": "Load app.js",
    "start": 1629545854747,
    "end": 1629545854977,
    "duration": 230,
    "pid": 35038,
    "index": 48
  },
  {
    "name": "Require(40) node_modules/egg-session/app.js",
    "start": 1629545854747,
    "end": 1629545854748,
    "duration": 1,
    "pid": 35038,
    "index": 49
  },
  {
    "name": "Require(41) node_modules/egg-security/app.js",
    "start": 1629545854748,
    "end": 1629545854749,
    "duration": 1,
    "pid": 35038,
    "index": 50
  },
  {
    "name": "Require(42) node_modules/egg-onerror/app.js",
    "start": 1629545854749,
    "end": 1629545854761,
    "duration": 12,
    "pid": 35038,
    "index": 51
  },
  {
    "name": "Require(43) node_modules/egg-i18n/app.js",
    "start": 1629545854764,
    "end": 1629545854867,
    "duration": 103,
    "pid": 35038,
    "index": 52
  },
  {
    "name": "Require(44) node_modules/egg-watcher/app.js",
    "start": 1629545854867,
    "end": 1629545854913,
    "duration": 46,
    "pid": 35038,
    "index": 53
  },
  {
    "name": "Require(45) node_modules/egg-schedule/app.js",
    "start": 1629545854913,
    "end": 1629545854914,
    "duration": 1,
    "pid": 35038,
    "index": 54
  },
  {
    "name": "Require(46) node_modules/egg-multipart/app.js",
    "start": 1629545854914,
    "end": 1629545854917,
    "duration": 3,
    "pid": 35038,
    "index": 55
  },
  {
    "name": "Require(47) node_modules/egg-development/app.js",
    "start": 1629545854917,
    "end": 1629545854921,
    "duration": 4,
    "pid": 35038,
    "index": 56
  },
  {
    "name": "Require(48) node_modules/egg-logrotator/app.js",
    "start": 1629545854921,
    "end": 1629545854922,
    "duration": 1,
    "pid": 35038,
    "index": 57
  },
  {
    "name": "Require(49) node_modules/egg-static/app.js",
    "start": 1629545854922,
    "end": 1629545854922,
    "duration": 0,
    "pid": 35038,
    "index": 58
  },
  {
    "name": "Require(50) node_modules/egg-cors/app.js",
    "start": 1629545854923,
    "end": 1629545854923,
    "duration": 0,
    "pid": 35038,
    "index": 59
  },
  {
    "name": "Require(51) node_modules/egg-mysql/app.js",
    "start": 1629545854923,
    "end": 1629545854970,
    "duration": 47,
    "pid": 35038,
    "index": 60
  },
  {
    "name": "Require(52) node_modules/egg-redis/app.js",
    "start": 1629545854971,
    "end": 1629545854977,
    "duration": 6,
    "pid": 35038,
    "index": 61
  },
  {
    "name": "Before Start in node_modules/egg-watcher/lib/init.js:15:14",
    "start": 1629545854995,
    "end": 1629545855320,
    "duration": 325,
    "pid": 35038,
    "index": 62
  },
  {
    "name": "Before Start in node_modules/egg-mysql/lib/mysql.js:20:7",
    "start": 1629545855104,
    "end": 1629545855324,
    "duration": 220,
    "pid": 35038,
    "index": 63
  },
  {
    "name": "Before Start in node_modules/egg-redis/lib/redis.js:53:7",
    "start": 1629545855154,
    "end": 1629545855317,
    "duration": 163,
    "pid": 35038,
    "index": 64
  },
  {
    "name": "Load Service",
    "start": 1629545855154,
    "end": 1629545855175,
    "duration": 21,
    "pid": 35038,
    "index": 65
  },
  {
    "name": "Load \"service\" to Context",
    "start": 1629545855155,
    "end": 1629545855175,
    "duration": 20,
    "pid": 35038,
    "index": 66
  },
  {
    "name": "Load Middleware",
    "start": 1629545855175,
    "end": 1629545855248,
    "duration": 73,
    "pid": 35038,
    "index": 67
  },
  {
    "name": "Load \"middlewares\" to Application",
    "start": 1629545855176,
    "end": 1629545855240,
    "duration": 64,
    "pid": 35038,
    "index": 68
  },
  {
    "name": "Load Controller",
    "start": 1629545855248,
    "end": 1629545855293,
    "duration": 45,
    "pid": 35038,
    "index": 69
  },
  {
    "name": "Load \"controller\" to Application",
    "start": 1629545855248,
    "end": 1629545855293,
    "duration": 45,
    "pid": 35038,
    "index": 70
  },
  {
    "name": "Load Router",
    "start": 1629545855293,
    "end": 1629545855300,
    "duration": 7,
    "pid": 35038,
    "index": 71
  },
  {
    "name": "Require(53) app/router.js",
    "start": 1629545855293,
    "end": 1629545855295,
    "duration": 2,
    "pid": 35038,
    "index": 72
  },
  {
    "name": "Before Start in node_modules/egg-core/lib/egg.js:303:10",
    "start": 1629545855295,
    "end": 1629545855310,
    "duration": 15,
    "pid": 35038,
    "index": 73
  }
]