[
  {
    "name": "Application Start",
    "start": 1629544487240,
    "end": 1629544487944,
    "duration": 704,
    "pid": 34261,
    "index": 0
  },
  {
    "name": "Load Plugin",
    "start": 1629544487246,
    "end": 1629544487258,
    "duration": 12,
    "pid": 34261,
    "index": 1
  },
  {
    "name": "Load Config",
    "start": 1629544487258,
    "end": 1629544487278,
    "duration": 20,
    "pid": 34261,
    "index": 2
  },
  {
    "name": "Require(0) config/config.default.js",
    "start": 1629544487258,
    "end": 1629544487259,
    "duration": 1,
    "pid": 34261,
    "index": 3
  },
  {
    "name": "Require(1) config/config.local.js",
    "start": 1629544487259,
    "end": 1629544487260,
    "duration": 1,
    "pid": 34261,
    "index": 4
  },
  {
    "name": "Require(2) node_modules/egg-session/config/config.default.js",
    "start": 1629544487260,
    "end": 1629544487261,
    "duration": 1,
    "pid": 34261,
    "index": 5
  },
  {
    "name": "Require(3) node_modules/egg-security/config/config.default.js",
    "start": 1629544487261,
    "end": 1629544487261,
    "duration": 0,
    "pid": 34261,
    "index": 6
  },
  {
    "name": "Require(4) node_modules/egg-jsonp/config/config.default.js",
    "start": 1629544487262,
    "end": 1629544487263,
    "duration": 1,
    "pid": 34261,
    "index": 7
  },
  {
    "name": "Require(5) node_modules/egg-onerror/config/config.default.js",
    "start": 1629544487263,
    "end": 1629544487264,
    "duration": 1,
    "pid": 34261,
    "index": 8
  },
  {
    "name": "Require(6) node_modules/egg-i18n/config/config.default.js",
    "start": 1629544487264,
    "end": 1629544487264,
    "duration": 0,
    "pid": 34261,
    "index": 9
  },
  {
    "name": "Require(7) node_modules/egg-watcher/config/config.default.js",
    "start": 1629544487265,
    "end": 1629544487266,
    "duration": 1,
    "pid": 34261,
    "index": 10
  },
  {
    "name": "Require(8) node_modules/egg-schedule/config/config.default.js",
    "start": 1629544487266,
    "end": 1629544487267,
    "duration": 1,
    "pid": 34261,
    "index": 11
  },
  {
    "name": "Require(9) node_modules/egg-multipart/config/config.default.js",
    "start": 1629544487267,
    "end": 1629544487267,
    "duration": 0,
    "pid": 34261,
    "index": 12
  },
  {
    "name": "Require(10) node_modules/egg-development/config/config.default.js",
    "start": 1629544487268,
    "end": 1629544487268,
    "duration": 0,
    "pid": 34261,
    "index": 13
  },
  {
    "name": "Require(11) node_modules/egg-logrotator/config/config.default.js",
    "start": 1629544487268,
    "end": 1629544487269,
    "duration": 1,
    "pid": 34261,
    "index": 14
  },
  {
    "name": "Require(12) node_modules/egg-static/config/config.default.js",
    "start": 1629544487269,
    "end": 1629544487270,
    "duration": 1,
    "pid": 34261,
    "index": 15
  },
  {
    "name": "Require(13) node_modules/egg-view/config/config.default.js",
    "start": 1629544487270,
    "end": 1629544487271,
    "duration": 1,
    "pid": 34261,
    "index": 16
  },
  {
    "name": "Require(14) node_modules/egg-cors/config/config.default.js",
    "start": 1629544487271,
    "end": 1629544487271,
    "duration": 0,
    "pid": 34261,
    "index": 17
  },
  {
    "name": "Require(15) node_modules/egg-mysql/config/config.default.js",
    "start": 1629544487272,
    "end": 1629544487272,
    "duration": 0,
    "pid": 34261,
    "index": 18
  },
  {
    "name": "Require(16) node_modules/egg-redis/config/config.default.js",
    "start": 1629544487272,
    "end": 1629544487273,
    "duration": 1,
    "pid": 34261,
    "index": 19
  },
  {
    "name": "Require(17) node_modules/egg/config/config.default.js",
    "start": 1629544487273,
    "end": 1629544487274,
    "duration": 1,
    "pid": 34261,
    "index": 20
  },
  {
    "name": "Require(18) config/config.default.js",
    "start": 1629544487275,
    "end": 1629544487275,
    "duration": 0,
    "pid": 34261,
    "index": 21
  },
  {
    "name": "Require(19) node_modules/egg-security/config/config.local.js",
    "start": 1629544487275,
    "end": 1629544487276,
    "duration": 1,
    "pid": 34261,
    "index": 22
  },
  {
    "name": "Require(20) node_modules/egg-watcher/config/config.local.js",
    "start": 1629544487276,
    "end": 1629544487277,
    "duration": 1,
    "pid": 34261,
    "index": 23
  },
  {
    "name": "Require(21) node_modules/egg-view/config/config.local.js",
    "start": 1629544487277,
    "end": 1629544487277,
    "duration": 0,
    "pid": 34261,
    "index": 24
  },
  {
    "name": "Require(22) node_modules/egg/config/config.local.js",
    "start": 1629544487277,
    "end": 1629544487278,
    "duration": 1,
    "pid": 34261,
    "index": 25
  },
  {
    "name": "Require(23) config/config.local.js",
    "start": 1629544487278,
    "end": 1629544487278,
    "duration": 0,
    "pid": 34261,
    "index": 26
  },
  {
    "name": "Load extend/application.js",
    "start": 1629544487279,
    "end": 1629544487286,
    "duration": 7,
    "pid": 34261,
    "index": 27
  },
  {
    "name": "Require(24) node_modules/egg-session/app/extend/application.js",
    "start": 1629544487279,
    "end": 1629544487280,
    "duration": 1,
    "pid": 34261,
    "index": 28
  },
  {
    "name": "Require(25) node_modules/egg-security/app/extend/application.js",
    "start": 1629544487280,
    "end": 1629544487281,
    "duration": 1,
    "pid": 34261,
    "index": 29
  },
  {
    "name": "Require(26) node_modules/egg-jsonp/app/extend/application.js",
    "start": 1629544487281,
    "end": 1629544487283,
    "duration": 2,
    "pid": 34261,
    "index": 30
  },
  {
    "name": "Require(27) node_modules/egg-logrotator/app/extend/application.js",
    "start": 1629544487283,
    "end": 1629544487284,
    "duration": 1,
    "pid": 34261,
    "index": 31
  },
  {
    "name": "Require(28) node_modules/egg-view/app/extend/application.js",
    "start": 1629544487284,
    "end": 1629544487285,
    "duration": 1,
    "pid": 34261,
    "index": 32
  },
  {
    "name": "Load extend/request.js",
    "start": 1629544487286,
    "end": 1629544487289,
    "duration": 3,
    "pid": 34261,
    "index": 33
  },
  {
    "name": "Require(29) node_modules/egg/app/extend/request.js",
    "start": 1629544487287,
    "end": 1629544487288,
    "duration": 1,
    "pid": 34261,
    "index": 34
  },
  {
    "name": "Load extend/response.js",
    "start": 1629544487289,
    "end": 1629544487293,
    "duration": 4,
    "pid": 34261,
    "index": 35
  },
  {
    "name": "Require(30) node_modules/egg/app/extend/response.js",
    "start": 1629544487291,
    "end": 1629544487292,
    "duration": 1,
    "pid": 34261,
    "index": 36
  },
  {
    "name": "Load extend/context.js",
    "start": 1629544487293,
    "end": 1629544487358,
    "duration": 65,
    "pid": 34261,
    "index": 37
  },
  {
    "name": "Require(31) node_modules/egg-security/app/extend/context.js",
    "start": 1629544487293,
    "end": 1629544487306,
    "duration": 13,
    "pid": 34261,
    "index": 38
  },
  {
    "name": "Require(32) node_modules/egg-jsonp/app/extend/context.js",
    "start": 1629544487306,
    "end": 1629544487308,
    "duration": 2,
    "pid": 34261,
    "index": 39
  },
  {
    "name": "Require(33) node_modules/egg-i18n/app/extend/context.js",
    "start": 1629544487308,
    "end": 1629544487308,
    "duration": 0,
    "pid": 34261,
    "index": 40
  },
  {
    "name": "Require(34) node_modules/egg-multipart/app/extend/context.js",
    "start": 1629544487309,
    "end": 1629544487354,
    "duration": 45,
    "pid": 34261,
    "index": 41
  },
  {
    "name": "Require(35) node_modules/egg-view/app/extend/context.js",
    "start": 1629544487354,
    "end": 1629544487355,
    "duration": 1,
    "pid": 34261,
    "index": 42
  },
  {
    "name": "Require(36) node_modules/egg/app/extend/context.js",
    "start": 1629544487356,
    "end": 1629544487357,
    "duration": 1,
    "pid": 34261,
    "index": 43
  },
  {
    "name": "Load extend/helper.js",
    "start": 1629544487358,
    "end": 1629544487496,
    "duration": 138,
    "pid": 34261,
    "index": 44
  },
  {
    "name": "Require(37) node_modules/egg-security/app/extend/helper.js",
    "start": 1629544487358,
    "end": 1629544487373,
    "duration": 15,
    "pid": 34261,
    "index": 45
  },
  {
    "name": "Require(38) node_modules/egg/app/extend/helper.js",
    "start": 1629544487374,
    "end": 1629544487374,
    "duration": 0,
    "pid": 34261,
    "index": 46
  },
  {
    "name": "Require(39) app/extend/helper.js",
    "start": 1629544487375,
    "end": 1629544487495,
    "duration": 120,
    "pid": 34261,
    "index": 47
  },
  {
    "name": "Load app.js",
    "start": 1629544487496,
    "end": 1629544487563,
    "duration": 67,
    "pid": 34261,
    "index": 48
  },
  {
    "name": "Require(40) node_modules/egg-session/app.js",
    "start": 1629544487496,
    "end": 1629544487497,
    "duration": 1,
    "pid": 34261,
    "index": 49
  },
  {
    "name": "Require(41) node_modules/egg-security/app.js",
    "start": 1629544487497,
    "end": 1629544487499,
    "duration": 2,
    "pid": 34261,
    "index": 50
  },
  {
    "name": "Require(42) node_modules/egg-onerror/app.js",
    "start": 1629544487499,
    "end": 1629544487514,
    "duration": 15,
    "pid": 34261,
    "index": 51
  },
  {
    "name": "Require(43) node_modules/egg-i18n/app.js",
    "start": 1629544487514,
    "end": 1629544487527,
    "duration": 13,
    "pid": 34261,
    "index": 52
  },
  {
    "name": "Require(44) node_modules/egg-watcher/app.js",
    "start": 1629544487527,
    "end": 1629544487531,
    "duration": 4,
    "pid": 34261,
    "index": 53
  },
  {
    "name": "Require(45) node_modules/egg-schedule/app.js",
    "start": 1629544487531,
    "end": 1629544487533,
    "duration": 2,
    "pid": 34261,
    "index": 54
  },
  {
    "name": "Require(46) node_modules/egg-multipart/app.js",
    "start": 1629544487533,
    "end": 1629544487534,
    "duration": 1,
    "pid": 34261,
    "index": 55
  },
  {
    "name": "Require(47) node_modules/egg-development/app.js",
    "start": 1629544487534,
    "end": 1629544487535,
    "duration": 1,
    "pid": 34261,
    "index": 56
  },
  {
    "name": "Require(48) node_modules/egg-logrotator/app.js",
    "start": 1629544487535,
    "end": 1629544487536,
    "duration": 1,
    "pid": 34261,
    "index": 57
  },
  {
    "name": "Require(49) node_modules/egg-static/app.js",
    "start": 1629544487536,
    "end": 1629544487536,
    "duration": 0,
    "pid": 34261,
    "index": 58
  },
  {
    "name": "Require(50) node_modules/egg-cors/app.js",
    "start": 1629544487537,
    "end": 1629544487537,
    "duration": 0,
    "pid": 34261,
    "index": 59
  },
  {
    "name": "Require(51) node_modules/egg-mysql/app.js",
    "start": 1629544487537,
    "end": 1629544487562,
    "duration": 25,
    "pid": 34261,
    "index": 60
  },
  {
    "name": "Require(52) node_modules/egg-redis/app.js",
    "start": 1629544487562,
    "end": 1629544487563,
    "duration": 1,
    "pid": 34261,
    "index": 61
  },
  {
    "name": "Before Start in node_modules/egg-watcher/lib/init.js:15:14",
    "start": 1629544487579,
    "end": 1629544487938,
    "duration": 359,
    "pid": 34261,
    "index": 62
  },
  {
    "name": "Before Start in node_modules/egg-mysql/lib/mysql.js:20:7",
    "start": 1629544487692,
    "end": 1629544487944,
    "duration": 252,
    "pid": 34261,
    "index": 63
  },
  {
    "name": "Before Start in node_modules/egg-redis/lib/redis.js:53:7",
    "start": 1629544487745,
    "end": 1629544487934,
    "duration": 189,
    "pid": 34261,
    "index": 64
  },
  {
    "name": "Load Service",
    "start": 1629544487745,
    "end": 1629544487769,
    "duration": 24,
    "pid": 34261,
    "index": 65
  },
  {
    "name": "Load \"service\" to Context",
    "start": 1629544487745,
    "end": 1629544487769,
    "duration": 24,
    "pid": 34261,
    "index": 66
  },
  {
    "name": "Load Middleware",
    "start": 1629544487769,
    "end": 1629544487850,
    "duration": 81,
    "pid": 34261,
    "index": 67
  },
  {
    "name": "Load \"middlewares\" to Application",
    "start": 1629544487770,
    "end": 1629544487841,
    "duration": 71,
    "pid": 34261,
    "index": 68
  },
  {
    "name": "Load Controller",
    "start": 1629544487851,
    "end": 1629544487904,
    "duration": 53,
    "pid": 34261,
    "index": 69
  },
  {
    "name": "Load \"controller\" to Application",
    "start": 1629544487851,
    "end": 1629544487904,
    "duration": 53,
    "pid": 34261,
    "index": 70
  },
  {
    "name": "Load Router",
    "start": 1629544487904,
    "end": 1629544487911,
    "duration": 7,
    "pid": 34261,
    "index": 71
  },
  {
    "name": "Require(53) app/router.js",
    "start": 1629544487904,
    "end": 1629544487905,
    "duration": 1,
    "pid": 34261,
    "index": 72
  },
  {
    "name": "Before Start in node_modules/egg-core/lib/egg.js:303:10",
    "start": 1629544487905,
    "end": 1629544487924,
    "duration": 19,
    "pid": 34261,
    "index": 73
  }
]