[
  {
    "name": "Application Start",
    "start": 1629542681932,
    "end": 1629542682540,
    "duration": 608,
    "pid": 33908,
    "index": 0
  },
  {
    "name": "Load Plugin",
    "start": 1629542681938,
    "end": 1629542681950,
    "duration": 12,
    "pid": 33908,
    "index": 1
  },
  {
    "name": "Load Config",
    "start": 1629542681950,
    "end": 1629542681963,
    "duration": 13,
    "pid": 33908,
    "index": 2
  },
  {
    "name": "Require(0) config/config.default.js",
    "start": 1629542681950,
    "end": 1629542681950,
    "duration": 0,
    "pid": 33908,
    "index": 3
  },
  {
    "name": "Require(1) config/config.local.js",
    "start": 1629542681951,
    "end": 1629542681952,
    "duration": 1,
    "pid": 33908,
    "index": 4
  },
  {
    "name": "Require(2) node_modules/egg-session/config/config.default.js",
    "start": 1629542681952,
    "end": 1629542681952,
    "duration": 0,
    "pid": 33908,
    "index": 5
  },
  {
    "name": "Require(3) node_modules/egg-security/config/config.default.js",
    "start": 1629542681952,
    "end": 1629542681953,
    "duration": 1,
    "pid": 33908,
    "index": 6
  },
  {
    "name": "Require(4) node_modules/egg-jsonp/config/config.default.js",
    "start": 1629542681953,
    "end": 1629542681954,
    "duration": 1,
    "pid": 33908,
    "index": 7
  },
  {
    "name": "Require(5) node_modules/egg-onerror/config/config.default.js",
    "start": 1629542681954,
    "end": 1629542681954,
    "duration": 0,
    "pid": 33908,
    "index": 8
  },
  {
    "name": "Require(6) node_modules/egg-i18n/config/config.default.js",
    "start": 1629542681954,
    "end": 1629542681954,
    "duration": 0,
    "pid": 33908,
    "index": 9
  },
  {
    "name": "Require(7) node_modules/egg-watcher/config/config.default.js",
    "start": 1629542681955,
    "end": 1629542681955,
    "duration": 0,
    "pid": 33908,
    "index": 10
  },
  {
    "name": "Require(8) node_modules/egg-schedule/config/config.default.js",
    "start": 1629542681955,
    "end": 1629542681955,
    "duration": 0,
    "pid": 33908,
    "index": 11
  },
  {
    "name": "Require(9) node_modules/egg-multipart/config/config.default.js",
    "start": 1629542681956,
    "end": 1629542681956,
    "duration": 0,
    "pid": 33908,
    "index": 12
  },
  {
    "name": "Require(10) node_modules/egg-development/config/config.default.js",
    "start": 1629542681956,
    "end": 1629542681956,
    "duration": 0,
    "pid": 33908,
    "index": 13
  },
  {
    "name": "Require(11) node_modules/egg-logrotator/config/config.default.js",
    "start": 1629542681956,
    "end": 1629542681957,
    "duration": 1,
    "pid": 33908,
    "index": 14
  },
  {
    "name": "Require(12) node_modules/egg-static/config/config.default.js",
    "start": 1629542681957,
    "end": 1629542681957,
    "duration": 0,
    "pid": 33908,
    "index": 15
  },
  {
    "name": "Require(13) node_modules/egg-view/config/config.default.js",
    "start": 1629542681957,
    "end": 1629542681958,
    "duration": 1,
    "pid": 33908,
    "index": 16
  },
  {
    "name": "Require(14) node_modules/egg-cors/config/config.default.js",
    "start": 1629542681958,
    "end": 1629542681958,
    "duration": 0,
    "pid": 33908,
    "index": 17
  },
  {
    "name": "Require(15) node_modules/egg-mysql/config/config.default.js",
    "start": 1629542681958,
    "end": 1629542681958,
    "duration": 0,
    "pid": 33908,
    "index": 18
  },
  {
    "name": "Require(16) node_modules/egg-redis/config/config.default.js",
    "start": 1629542681959,
    "end": 1629542681959,
    "duration": 0,
    "pid": 33908,
    "index": 19
  },
  {
    "name": "Require(17) node_modules/egg/config/config.default.js",
    "start": 1629542681959,
    "end": 1629542681959,
    "duration": 0,
    "pid": 33908,
    "index": 20
  },
  {
    "name": "Require(18) config/config.default.js",
    "start": 1629542681960,
    "end": 1629542681960,
    "duration": 0,
    "pid": 33908,
    "index": 21
  },
  {
    "name": "Require(19) node_modules/egg-security/config/config.local.js",
    "start": 1629542681961,
    "end": 1629542681961,
    "duration": 0,
    "pid": 33908,
    "index": 22
  },
  {
    "name": "Require(20) node_modules/egg-watcher/config/config.local.js",
    "start": 1629542681961,
    "end": 1629542681962,
    "duration": 1,
    "pid": 33908,
    "index": 23
  },
  {
    "name": "Require(21) node_modules/egg-view/config/config.local.js",
    "start": 1629542681962,
    "end": 1629542681962,
    "duration": 0,
    "pid": 33908,
    "index": 24
  },
  {
    "name": "Require(22) node_modules/egg/config/config.local.js",
    "start": 1629542681963,
    "end": 1629542681963,
    "duration": 0,
    "pid": 33908,
    "index": 25
  },
  {
    "name": "Require(23) config/config.local.js",
    "start": 1629542681963,
    "end": 1629542681963,
    "duration": 0,
    "pid": 33908,
    "index": 26
  },
  {
    "name": "Load extend/application.js",
    "start": 1629542681965,
    "end": 1629542681972,
    "duration": 7,
    "pid": 33908,
    "index": 27
  },
  {
    "name": "Require(24) node_modules/egg-session/app/extend/application.js",
    "start": 1629542681965,
    "end": 1629542681966,
    "duration": 1,
    "pid": 33908,
    "index": 28
  },
  {
    "name": "Require(25) node_modules/egg-security/app/extend/application.js",
    "start": 1629542681966,
    "end": 1629542681967,
    "duration": 1,
    "pid": 33908,
    "index": 29
  },
  {
    "name": "Require(26) node_modules/egg-jsonp/app/extend/application.js",
    "start": 1629542681967,
    "end": 1629542681968,
    "duration": 1,
    "pid": 33908,
    "index": 30
  },
  {
    "name": "Require(27) node_modules/egg-logrotator/app/extend/application.js",
    "start": 1629542681969,
    "end": 1629542681970,
    "duration": 1,
    "pid": 33908,
    "index": 31
  },
  {
    "name": "Require(28) node_modules/egg-view/app/extend/application.js",
    "start": 1629542681970,
    "end": 1629542681971,
    "duration": 1,
    "pid": 33908,
    "index": 32
  },
  {
    "name": "Load extend/request.js",
    "start": 1629542681972,
    "end": 1629542681975,
    "duration": 3,
    "pid": 33908,
    "index": 33
  },
  {
    "name": "Require(29) node_modules/egg/app/extend/request.js",
    "start": 1629542681973,
    "end": 1629542681974,
    "duration": 1,
    "pid": 33908,
    "index": 34
  },
  {
    "name": "Load extend/response.js",
    "start": 1629542681976,
    "end": 1629542681980,
    "duration": 4,
    "pid": 33908,
    "index": 35
  },
  {
    "name": "Require(30) node_modules/egg/app/extend/response.js",
    "start": 1629542681977,
    "end": 1629542681979,
    "duration": 2,
    "pid": 33908,
    "index": 36
  },
  {
    "name": "Load extend/context.js",
    "start": 1629542681980,
    "end": 1629542682037,
    "duration": 57,
    "pid": 33908,
    "index": 37
  },
  {
    "name": "Require(31) node_modules/egg-security/app/extend/context.js",
    "start": 1629542681980,
    "end": 1629542681990,
    "duration": 10,
    "pid": 33908,
    "index": 38
  },
  {
    "name": "Require(32) node_modules/egg-jsonp/app/extend/context.js",
    "start": 1629542681990,
    "end": 1629542681991,
    "duration": 1,
    "pid": 33908,
    "index": 39
  },
  {
    "name": "Require(33) node_modules/egg-i18n/app/extend/context.js",
    "start": 1629542681991,
    "end": 1629542681992,
    "duration": 1,
    "pid": 33908,
    "index": 40
  },
  {
    "name": "Require(34) node_modules/egg-multipart/app/extend/context.js",
    "start": 1629542681992,
    "end": 1629542682033,
    "duration": 41,
    "pid": 33908,
    "index": 41
  },
  {
    "name": "Require(35) node_modules/egg-view/app/extend/context.js",
    "start": 1629542682033,
    "end": 1629542682034,
    "duration": 1,
    "pid": 33908,
    "index": 42
  },
  {
    "name": "Require(36) node_modules/egg/app/extend/context.js",
    "start": 1629542682035,
    "end": 1629542682036,
    "duration": 1,
    "pid": 33908,
    "index": 43
  },
  {
    "name": "Load extend/helper.js",
    "start": 1629542682037,
    "end": 1629542682126,
    "duration": 89,
    "pid": 33908,
    "index": 44
  },
  {
    "name": "Require(37) node_modules/egg-security/app/extend/helper.js",
    "start": 1629542682037,
    "end": 1629542682050,
    "duration": 13,
    "pid": 33908,
    "index": 45
  },
  {
    "name": "Require(38) node_modules/egg/app/extend/helper.js",
    "start": 1629542682051,
    "end": 1629542682052,
    "duration": 1,
    "pid": 33908,
    "index": 46
  },
  {
    "name": "Require(39) app/extend/helper.js",
    "start": 1629542682052,
    "end": 1629542682125,
    "duration": 73,
    "pid": 33908,
    "index": 47
  },
  {
    "name": "Load app.js",
    "start": 1629542682126,
    "end": 1629542682170,
    "duration": 44,
    "pid": 33908,
    "index": 48
  },
  {
    "name": "Require(40) node_modules/egg-session/app.js",
    "start": 1629542682126,
    "end": 1629542682127,
    "duration": 1,
    "pid": 33908,
    "index": 49
  },
  {
    "name": "Require(41) node_modules/egg-security/app.js",
    "start": 1629542682127,
    "end": 1629542682128,
    "duration": 1,
    "pid": 33908,
    "index": 50
  },
  {
    "name": "Require(42) node_modules/egg-onerror/app.js",
    "start": 1629542682128,
    "end": 1629542682136,
    "duration": 8,
    "pid": 33908,
    "index": 51
  },
  {
    "name": "Require(43) node_modules/egg-i18n/app.js",
    "start": 1629542682136,
    "end": 1629542682146,
    "duration": 10,
    "pid": 33908,
    "index": 52
  },
  {
    "name": "Require(44) node_modules/egg-watcher/app.js",
    "start": 1629542682147,
    "end": 1629542682149,
    "duration": 2,
    "pid": 33908,
    "index": 53
  },
  {
    "name": "Require(45) node_modules/egg-schedule/app.js",
    "start": 1629542682149,
    "end": 1629542682151,
    "duration": 2,
    "pid": 33908,
    "index": 54
  },
  {
    "name": "Require(46) node_modules/egg-multipart/app.js",
    "start": 1629542682151,
    "end": 1629542682151,
    "duration": 0,
    "pid": 33908,
    "index": 55
  },
  {
    "name": "Require(47) node_modules/egg-development/app.js",
    "start": 1629542682151,
    "end": 1629542682152,
    "duration": 1,
    "pid": 33908,
    "index": 56
  },
  {
    "name": "Require(48) node_modules/egg-logrotator/app.js",
    "start": 1629542682152,
    "end": 1629542682153,
    "duration": 1,
    "pid": 33908,
    "index": 57
  },
  {
    "name": "Require(49) node_modules/egg-static/app.js",
    "start": 1629542682153,
    "end": 1629542682153,
    "duration": 0,
    "pid": 33908,
    "index": 58
  },
  {
    "name": "Require(50) node_modules/egg-cors/app.js",
    "start": 1629542682153,
    "end": 1629542682154,
    "duration": 1,
    "pid": 33908,
    "index": 59
  },
  {
    "name": "Require(51) node_modules/egg-mysql/app.js",
    "start": 1629542682154,
    "end": 1629542682169,
    "duration": 15,
    "pid": 33908,
    "index": 60
  },
  {
    "name": "Require(52) node_modules/egg-redis/app.js",
    "start": 1629542682169,
    "end": 1629542682170,
    "duration": 1,
    "pid": 33908,
    "index": 61
  },
  {
    "name": "Before Start in node_modules/egg-watcher/lib/init.js:15:14",
    "start": 1629542682179,
    "end": 1629542682482,
    "duration": 303,
    "pid": 33908,
    "index": 62
  },
  {
    "name": "Before Start in node_modules/egg-mysql/lib/mysql.js:20:7",
    "start": 1629542682274,
    "end": 1629542682539,
    "duration": 265,
    "pid": 33908,
    "index": 63
  },
  {
    "name": "Before Start in node_modules/egg-redis/lib/redis.js:53:7",
    "start": 1629542682319,
    "end": 1629542682482,
    "duration": 163,
    "pid": 33908,
    "index": 64
  },
  {
    "name": "Load Service",
    "start": 1629542682320,
    "end": 1629542682339,
    "duration": 19,
    "pid": 33908,
    "index": 65
  },
  {
    "name": "Load \"service\" to Context",
    "start": 1629542682320,
    "end": 1629542682339,
    "duration": 19,
    "pid": 33908,
    "index": 66
  },
  {
    "name": "Load Middleware",
    "start": 1629542682339,
    "end": 1629542682407,
    "duration": 68,
    "pid": 33908,
    "index": 67
  },
  {
    "name": "Load \"middlewares\" to Application",
    "start": 1629542682339,
    "end": 1629542682399,
    "duration": 60,
    "pid": 33908,
    "index": 68
  },
  {
    "name": "Load Controller",
    "start": 1629542682407,
    "end": 1629542682452,
    "duration": 45,
    "pid": 33908,
    "index": 69
  },
  {
    "name": "Load \"controller\" to Application",
    "start": 1629542682407,
    "end": 1629542682452,
    "duration": 45,
    "pid": 33908,
    "index": 70
  },
  {
    "name": "Load Router",
    "start": 1629542682452,
    "end": 1629542682459,
    "duration": 7,
    "pid": 33908,
    "index": 71
  },
  {
    "name": "Require(53) app/router.js",
    "start": 1629542682452,
    "end": 1629542682454,
    "duration": 2,
    "pid": 33908,
    "index": 72
  },
  {
    "name": "Before Start in node_modules/egg-core/lib/egg.js:303:10",
    "start": 1629542682454,
    "end": 1629542682472,
    "duration": 18,
    "pid": 33908,
    "index": 73
  }
]