[
  {
    "name": "Application Start",
    "start": 1629540026446,
    "end": 1629540027439,
    "duration": 993,
    "pid": 33083,
    "index": 0
  },
  {
    "name": "Load Plugin",
    "start": 1629540026451,
    "end": 1629540026471,
    "duration": 20,
    "pid": 33083,
    "index": 1
  },
  {
    "name": "Load Config",
    "start": 1629540026471,
    "end": 1629540026497,
    "duration": 26,
    "pid": 33083,
    "index": 2
  },
  {
    "name": "Require(0) config/config.default.js",
    "start": 1629540026472,
    "end": 1629540026472,
    "duration": 0,
    "pid": 33083,
    "index": 3
  },
  {
    "name": "Require(1) config/config.local.js",
    "start": 1629540026473,
    "end": 1629540026473,
    "duration": 0,
    "pid": 33083,
    "index": 4
  },
  {
    "name": "Require(2) node_modules/egg-session/config/config.default.js",
    "start": 1629540026474,
    "end": 1629540026474,
    "duration": 0,
    "pid": 33083,
    "index": 5
  },
  {
    "name": "Require(3) node_modules/egg-security/config/config.default.js",
    "start": 1629540026475,
    "end": 1629540026475,
    "duration": 0,
    "pid": 33083,
    "index": 6
  },
  {
    "name": "Require(4) node_modules/egg-jsonp/config/config.default.js",
    "start": 1629540026476,
    "end": 1629540026477,
    "duration": 1,
    "pid": 33083,
    "index": 7
  },
  {
    "name": "Require(5) node_modules/egg-onerror/config/config.default.js",
    "start": 1629540026477,
    "end": 1629540026481,
    "duration": 4,
    "pid": 33083,
    "index": 8
  },
  {
    "name": "Require(6) node_modules/egg-i18n/config/config.default.js",
    "start": 1629540026481,
    "end": 1629540026482,
    "duration": 1,
    "pid": 33083,
    "index": 9
  },
  {
    "name": "Require(7) node_modules/egg-watcher/config/config.default.js",
    "start": 1629540026484,
    "end": 1629540026484,
    "duration": 0,
    "pid": 33083,
    "index": 10
  },
  {
    "name": "Require(8) node_modules/egg-schedule/config/config.default.js",
    "start": 1629540026484,
    "end": 1629540026485,
    "duration": 1,
    "pid": 33083,
    "index": 11
  },
  {
    "name": "Require(9) node_modules/egg-multipart/config/config.default.js",
    "start": 1629540026485,
    "end": 1629540026485,
    "duration": 0,
    "pid": 33083,
    "index": 12
  },
  {
    "name": "Require(10) node_modules/egg-development/config/config.default.js",
    "start": 1629540026486,
    "end": 1629540026486,
    "duration": 0,
    "pid": 33083,
    "index": 13
  },
  {
    "name": "Require(11) node_modules/egg-logrotator/config/config.default.js",
    "start": 1629540026486,
    "end": 1629540026487,
    "duration": 1,
    "pid": 33083,
    "index": 14
  },
  {
    "name": "Require(12) node_modules/egg-static/config/config.default.js",
    "start": 1629540026487,
    "end": 1629540026487,
    "duration": 0,
    "pid": 33083,
    "index": 15
  },
  {
    "name": "Require(13) node_modules/egg-view/config/config.default.js",
    "start": 1629540026488,
    "end": 1629540026488,
    "duration": 0,
    "pid": 33083,
    "index": 16
  },
  {
    "name": "Require(14) node_modules/egg-cors/config/config.default.js",
    "start": 1629540026488,
    "end": 1629540026489,
    "duration": 1,
    "pid": 33083,
    "index": 17
  },
  {
    "name": "Require(15) node_modules/egg-mysql/config/config.default.js",
    "start": 1629540026489,
    "end": 1629540026489,
    "duration": 0,
    "pid": 33083,
    "index": 18
  },
  {
    "name": "Require(16) node_modules/egg-redis/config/config.default.js",
    "start": 1629540026489,
    "end": 1629540026490,
    "duration": 1,
    "pid": 33083,
    "index": 19
  },
  {
    "name": "Require(17) node_modules/egg/config/config.default.js",
    "start": 1629540026490,
    "end": 1629540026490,
    "duration": 0,
    "pid": 33083,
    "index": 20
  },
  {
    "name": "Require(18) config/config.default.js",
    "start": 1629540026492,
    "end": 1629540026492,
    "duration": 0,
    "pid": 33083,
    "index": 21
  },
  {
    "name": "Require(19) node_modules/egg-security/config/config.local.js",
    "start": 1629540026492,
    "end": 1629540026493,
    "duration": 1,
    "pid": 33083,
    "index": 22
  },
  {
    "name": "Require(20) node_modules/egg-watcher/config/config.local.js",
    "start": 1629540026493,
    "end": 1629540026493,
    "duration": 0,
    "pid": 33083,
    "index": 23
  },
  {
    "name": "Require(21) node_modules/egg-view/config/config.local.js",
    "start": 1629540026495,
    "end": 1629540026496,
    "duration": 1,
    "pid": 33083,
    "index": 24
  },
  {
    "name": "Require(22) node_modules/egg/config/config.local.js",
    "start": 1629540026496,
    "end": 1629540026497,
    "duration": 1,
    "pid": 33083,
    "index": 25
  },
  {
    "name": "Require(23) config/config.local.js",
    "start": 1629540026497,
    "end": 1629540026497,
    "duration": 0,
    "pid": 33083,
    "index": 26
  },
  {
    "name": "Load extend/application.js",
    "start": 1629540026500,
    "end": 1629540026513,
    "duration": 13,
    "pid": 33083,
    "index": 27
  },
  {
    "name": "Require(24) node_modules/egg-session/app/extend/application.js",
    "start": 1629540026500,
    "end": 1629540026501,
    "duration": 1,
    "pid": 33083,
    "index": 28
  },
  {
    "name": "Require(25) node_modules/egg-security/app/extend/application.js",
    "start": 1629540026502,
    "end": 1629540026504,
    "duration": 2,
    "pid": 33083,
    "index": 29
  },
  {
    "name": "Require(26) node_modules/egg-jsonp/app/extend/application.js",
    "start": 1629540026504,
    "end": 1629540026505,
    "duration": 1,
    "pid": 33083,
    "index": 30
  },
  {
    "name": "Require(27) node_modules/egg-logrotator/app/extend/application.js",
    "start": 1629540026506,
    "end": 1629540026508,
    "duration": 2,
    "pid": 33083,
    "index": 31
  },
  {
    "name": "Require(28) node_modules/egg-view/app/extend/application.js",
    "start": 1629540026508,
    "end": 1629540026510,
    "duration": 2,
    "pid": 33083,
    "index": 32
  },
  {
    "name": "Load extend/request.js",
    "start": 1629540026513,
    "end": 1629540026518,
    "duration": 5,
    "pid": 33083,
    "index": 33
  },
  {
    "name": "Require(29) node_modules/egg/app/extend/request.js",
    "start": 1629540026516,
    "end": 1629540026517,
    "duration": 1,
    "pid": 33083,
    "index": 34
  },
  {
    "name": "Load extend/response.js",
    "start": 1629540026518,
    "end": 1629540026524,
    "duration": 6,
    "pid": 33083,
    "index": 35
  },
  {
    "name": "Require(30) node_modules/egg/app/extend/response.js",
    "start": 1629540026521,
    "end": 1629540026523,
    "duration": 2,
    "pid": 33083,
    "index": 36
  },
  {
    "name": "Load extend/context.js",
    "start": 1629540026524,
    "end": 1629540026607,
    "duration": 83,
    "pid": 33083,
    "index": 37
  },
  {
    "name": "Require(31) node_modules/egg-security/app/extend/context.js",
    "start": 1629540026525,
    "end": 1629540026543,
    "duration": 18,
    "pid": 33083,
    "index": 38
  },
  {
    "name": "Require(32) node_modules/egg-jsonp/app/extend/context.js",
    "start": 1629540026543,
    "end": 1629540026549,
    "duration": 6,
    "pid": 33083,
    "index": 39
  },
  {
    "name": "Require(33) node_modules/egg-i18n/app/extend/context.js",
    "start": 1629540026549,
    "end": 1629540026550,
    "duration": 1,
    "pid": 33083,
    "index": 40
  },
  {
    "name": "Require(34) node_modules/egg-multipart/app/extend/context.js",
    "start": 1629540026550,
    "end": 1629540026602,
    "duration": 52,
    "pid": 33083,
    "index": 41
  },
  {
    "name": "Require(35) node_modules/egg-view/app/extend/context.js",
    "start": 1629540026604,
    "end": 1629540026605,
    "duration": 1,
    "pid": 33083,
    "index": 42
  },
  {
    "name": "Require(36) node_modules/egg/app/extend/context.js",
    "start": 1629540026605,
    "end": 1629540026606,
    "duration": 1,
    "pid": 33083,
    "index": 43
  },
  {
    "name": "Load extend/helper.js",
    "start": 1629540026607,
    "end": 1629540026713,
    "duration": 106,
    "pid": 33083,
    "index": 44
  },
  {
    "name": "Require(37) node_modules/egg-security/app/extend/helper.js",
    "start": 1629540026607,
    "end": 1629540026623,
    "duration": 16,
    "pid": 33083,
    "index": 45
  },
  {
    "name": "Require(38) node_modules/egg/app/extend/helper.js",
    "start": 1629540026623,
    "end": 1629540026624,
    "duration": 1,
    "pid": 33083,
    "index": 46
  },
  {
    "name": "Require(39) app/extend/helper.js",
    "start": 1629540026624,
    "end": 1629540026712,
    "duration": 88,
    "pid": 33083,
    "index": 47
  },
  {
    "name": "Load app.js",
    "start": 1629540026713,
    "end": 1629540026759,
    "duration": 46,
    "pid": 33083,
    "index": 48
  },
  {
    "name": "Require(40) node_modules/egg-session/app.js",
    "start": 1629540026713,
    "end": 1629540026714,
    "duration": 1,
    "pid": 33083,
    "index": 49
  },
  {
    "name": "Require(41) node_modules/egg-security/app.js",
    "start": 1629540026714,
    "end": 1629540026715,
    "duration": 1,
    "pid": 33083,
    "index": 50
  },
  {
    "name": "Require(42) node_modules/egg-onerror/app.js",
    "start": 1629540026716,
    "end": 1629540026724,
    "duration": 8,
    "pid": 33083,
    "index": 51
  },
  {
    "name": "Require(43) node_modules/egg-i18n/app.js",
    "start": 1629540026724,
    "end": 1629540026735,
    "duration": 11,
    "pid": 33083,
    "index": 52
  },
  {
    "name": "Require(44) node_modules/egg-watcher/app.js",
    "start": 1629540026735,
    "end": 1629540026737,
    "duration": 2,
    "pid": 33083,
    "index": 53
  },
  {
    "name": "Require(45) node_modules/egg-schedule/app.js",
    "start": 1629540026737,
    "end": 1629540026738,
    "duration": 1,
    "pid": 33083,
    "index": 54
  },
  {
    "name": "Require(46) node_modules/egg-multipart/app.js",
    "start": 1629540026738,
    "end": 1629540026739,
    "duration": 1,
    "pid": 33083,
    "index": 55
  },
  {
    "name": "Require(47) node_modules/egg-development/app.js",
    "start": 1629540026739,
    "end": 1629540026739,
    "duration": 0,
    "pid": 33083,
    "index": 56
  },
  {
    "name": "Require(48) node_modules/egg-logrotator/app.js",
    "start": 1629540026740,
    "end": 1629540026740,
    "duration": 0,
    "pid": 33083,
    "index": 57
  },
  {
    "name": "Require(49) node_modules/egg-static/app.js",
    "start": 1629540026740,
    "end": 1629540026740,
    "duration": 0,
    "pid": 33083,
    "index": 58
  },
  {
    "name": "Require(50) node_modules/egg-cors/app.js",
    "start": 1629540026741,
    "end": 1629540026741,
    "duration": 0,
    "pid": 33083,
    "index": 59
  },
  {
    "name": "Require(51) node_modules/egg-mysql/app.js",
    "start": 1629540026741,
    "end": 1629540026757,
    "duration": 16,
    "pid": 33083,
    "index": 60
  },
  {
    "name": "Require(52) node_modules/egg-redis/app.js",
    "start": 1629540026757,
    "end": 1629540026758,
    "duration": 1,
    "pid": 33083,
    "index": 61
  },
  {
    "name": "Before Start in node_modules/egg-watcher/lib/init.js:15:14",
    "start": 1629540026768,
    "end": 1629540027433,
    "duration": 665,
    "pid": 33083,
    "index": 62
  },
  {
    "name": "Before Start in node_modules/egg-mysql/lib/mysql.js:20:7",
    "start": 1629540027082,
    "end": 1629540027439,
    "duration": 357,
    "pid": 33083,
    "index": 63
  },
  {
    "name": "Before Start in node_modules/egg-redis/lib/redis.js:53:7",
    "start": 1629540027160,
    "end": 1629540027427,
    "duration": 267,
    "pid": 33083,
    "index": 64
  },
  {
    "name": "Load Service",
    "start": 1629540027160,
    "end": 1629540027191,
    "duration": 31,
    "pid": 33083,
    "index": 65
  },
  {
    "name": "Load \"service\" to Context",
    "start": 1629540027160,
    "end": 1629540027191,
    "duration": 31,
    "pid": 33083,
    "index": 66
  },
  {
    "name": "Load Middleware",
    "start": 1629540027191,
    "end": 1629540027325,
    "duration": 134,
    "pid": 33083,
    "index": 67
  },
  {
    "name": "Load \"middlewares\" to Application",
    "start": 1629540027191,
    "end": 1629540027314,
    "duration": 123,
    "pid": 33083,
    "index": 68
  },
  {
    "name": "Load Controller",
    "start": 1629540027326,
    "end": 1629540027390,
    "duration": 64,
    "pid": 33083,
    "index": 69
  },
  {
    "name": "Load \"controller\" to Application",
    "start": 1629540027326,
    "end": 1629540027390,
    "duration": 64,
    "pid": 33083,
    "index": 70
  },
  {
    "name": "Load Router",
    "start": 1629540027390,
    "end": 1629540027398,
    "duration": 8,
    "pid": 33083,
    "index": 71
  },
  {
    "name": "Require(53) app/router.js",
    "start": 1629540027390,
    "end": 1629540027391,
    "duration": 1,
    "pid": 33083,
    "index": 72
  },
  {
    "name": "Before Start in node_modules/egg-core/lib/egg.js:303:10",
    "start": 1629540027391,
    "end": 1629540027416,
    "duration": 25,
    "pid": 33083,
    "index": 73
  }
]