[
  {
    "name": "Application Start",
    "start": 1629545799677,
    "end": 1629545800208,
    "duration": 531,
    "pid": 34977,
    "index": 0
  },
  {
    "name": "Load Plugin",
    "start": 1629545799680,
    "end": 1629545799690,
    "duration": 10,
    "pid": 34977,
    "index": 1
  },
  {
    "name": "Load Config",
    "start": 1629545799690,
    "end": 1629545799708,
    "duration": 18,
    "pid": 34977,
    "index": 2
  },
  {
    "name": "Require(0) config/config.default.js",
    "start": 1629545799691,
    "end": 1629545799691,
    "duration": 0,
    "pid": 34977,
    "index": 3
  },
  {
    "name": "Require(1) config/config.local.js",
    "start": 1629545799692,
    "end": 1629545799693,
    "duration": 1,
    "pid": 34977,
    "index": 4
  },
  {
    "name": "Require(2) node_modules/egg-session/config/config.default.js",
    "start": 1629545799693,
    "end": 1629545799694,
    "duration": 1,
    "pid": 34977,
    "index": 5
  },
  {
    "name": "Require(3) node_modules/egg-security/config/config.default.js",
    "start": 1629545799694,
    "end": 1629545799694,
    "duration": 0,
    "pid": 34977,
    "index": 6
  },
  {
    "name": "Require(4) node_modules/egg-jsonp/config/config.default.js",
    "start": 1629545799695,
    "end": 1629545799695,
    "duration": 0,
    "pid": 34977,
    "index": 7
  },
  {
    "name": "Require(5) node_modules/egg-onerror/config/config.default.js",
    "start": 1629545799696,
    "end": 1629545799696,
    "duration": 0,
    "pid": 34977,
    "index": 8
  },
  {
    "name": "Require(6) node_modules/egg-i18n/config/config.default.js",
    "start": 1629545799696,
    "end": 1629545799697,
    "duration": 1,
    "pid": 34977,
    "index": 9
  },
  {
    "name": "Require(7) node_modules/egg-watcher/config/config.default.js",
    "start": 1629545799697,
    "end": 1629545799698,
    "duration": 1,
    "pid": 34977,
    "index": 10
  },
  {
    "name": "Require(8) node_modules/egg-schedule/config/config.default.js",
    "start": 1629545799698,
    "end": 1629545799698,
    "duration": 0,
    "pid": 34977,
    "index": 11
  },
  {
    "name": "Require(9) node_modules/egg-multipart/config/config.default.js",
    "start": 1629545799699,
    "end": 1629545799699,
    "duration": 0,
    "pid": 34977,
    "index": 12
  },
  {
    "name": "Require(10) node_modules/egg-development/config/config.default.js",
    "start": 1629545799700,
    "end": 1629545799700,
    "duration": 0,
    "pid": 34977,
    "index": 13
  },
  {
    "name": "Require(11) node_modules/egg-logrotator/config/config.default.js",
    "start": 1629545799700,
    "end": 1629545799701,
    "duration": 1,
    "pid": 34977,
    "index": 14
  },
  {
    "name": "Require(12) node_modules/egg-static/config/config.default.js",
    "start": 1629545799701,
    "end": 1629545799701,
    "duration": 0,
    "pid": 34977,
    "index": 15
  },
  {
    "name": "Require(13) node_modules/egg-view/config/config.default.js",
    "start": 1629545799701,
    "end": 1629545799702,
    "duration": 1,
    "pid": 34977,
    "index": 16
  },
  {
    "name": "Require(14) node_modules/egg-cors/config/config.default.js",
    "start": 1629545799702,
    "end": 1629545799702,
    "duration": 0,
    "pid": 34977,
    "index": 17
  },
  {
    "name": "Require(15) node_modules/egg-mysql/config/config.default.js",
    "start": 1629545799702,
    "end": 1629545799703,
    "duration": 1,
    "pid": 34977,
    "index": 18
  },
  {
    "name": "Require(16) node_modules/egg-redis/config/config.default.js",
    "start": 1629545799703,
    "end": 1629545799703,
    "duration": 0,
    "pid": 34977,
    "index": 19
  },
  {
    "name": "Require(17) node_modules/egg/config/config.default.js",
    "start": 1629545799704,
    "end": 1629545799704,
    "duration": 0,
    "pid": 34977,
    "index": 20
  },
  {
    "name": "Require(18) config/config.default.js",
    "start": 1629545799705,
    "end": 1629545799705,
    "duration": 0,
    "pid": 34977,
    "index": 21
  },
  {
    "name": "Require(19) node_modules/egg-security/config/config.local.js",
    "start": 1629545799706,
    "end": 1629545799706,
    "duration": 0,
    "pid": 34977,
    "index": 22
  },
  {
    "name": "Require(20) node_modules/egg-watcher/config/config.local.js",
    "start": 1629545799706,
    "end": 1629545799706,
    "duration": 0,
    "pid": 34977,
    "index": 23
  },
  {
    "name": "Require(21) node_modules/egg-view/config/config.local.js",
    "start": 1629545799707,
    "end": 1629545799707,
    "duration": 0,
    "pid": 34977,
    "index": 24
  },
  {
    "name": "Require(22) node_modules/egg/config/config.local.js",
    "start": 1629545799707,
    "end": 1629545799708,
    "duration": 1,
    "pid": 34977,
    "index": 25
  },
  {
    "name": "Require(23) config/config.local.js",
    "start": 1629545799708,
    "end": 1629545799708,
    "duration": 0,
    "pid": 34977,
    "index": 26
  },
  {
    "name": "Load extend/application.js",
    "start": 1629545799709,
    "end": 1629545799715,
    "duration": 6,
    "pid": 34977,
    "index": 27
  },
  {
    "name": "Require(24) node_modules/egg-session/app/extend/application.js",
    "start": 1629545799709,
    "end": 1629545799710,
    "duration": 1,
    "pid": 34977,
    "index": 28
  },
  {
    "name": "Require(25) node_modules/egg-security/app/extend/application.js",
    "start": 1629545799710,
    "end": 1629545799711,
    "duration": 1,
    "pid": 34977,
    "index": 29
  },
  {
    "name": "Require(26) node_modules/egg-jsonp/app/extend/application.js",
    "start": 1629545799711,
    "end": 1629545799712,
    "duration": 1,
    "pid": 34977,
    "index": 30
  },
  {
    "name": "Require(27) node_modules/egg-logrotator/app/extend/application.js",
    "start": 1629545799712,
    "end": 1629545799713,
    "duration": 1,
    "pid": 34977,
    "index": 31
  },
  {
    "name": "Require(28) node_modules/egg-view/app/extend/application.js",
    "start": 1629545799713,
    "end": 1629545799714,
    "duration": 1,
    "pid": 34977,
    "index": 32
  },
  {
    "name": "Load extend/request.js",
    "start": 1629545799716,
    "end": 1629545799718,
    "duration": 2,
    "pid": 34977,
    "index": 33
  },
  {
    "name": "Require(29) node_modules/egg/app/extend/request.js",
    "start": 1629545799717,
    "end": 1629545799718,
    "duration": 1,
    "pid": 34977,
    "index": 34
  },
  {
    "name": "Load extend/response.js",
    "start": 1629545799719,
    "end": 1629545799723,
    "duration": 4,
    "pid": 34977,
    "index": 35
  },
  {
    "name": "Require(30) node_modules/egg/app/extend/response.js",
    "start": 1629545799721,
    "end": 1629545799722,
    "duration": 1,
    "pid": 34977,
    "index": 36
  },
  {
    "name": "Load extend/context.js",
    "start": 1629545799723,
    "end": 1629545799772,
    "duration": 49,
    "pid": 34977,
    "index": 37
  },
  {
    "name": "Require(31) node_modules/egg-security/app/extend/context.js",
    "start": 1629545799723,
    "end": 1629545799732,
    "duration": 9,
    "pid": 34977,
    "index": 38
  },
  {
    "name": "Require(32) node_modules/egg-jsonp/app/extend/context.js",
    "start": 1629545799732,
    "end": 1629545799734,
    "duration": 2,
    "pid": 34977,
    "index": 39
  },
  {
    "name": "Require(33) node_modules/egg-i18n/app/extend/context.js",
    "start": 1629545799734,
    "end": 1629545799734,
    "duration": 0,
    "pid": 34977,
    "index": 40
  },
  {
    "name": "Require(34) node_modules/egg-multipart/app/extend/context.js",
    "start": 1629545799735,
    "end": 1629545799769,
    "duration": 34,
    "pid": 34977,
    "index": 41
  },
  {
    "name": "Require(35) node_modules/egg-view/app/extend/context.js",
    "start": 1629545799769,
    "end": 1629545799770,
    "duration": 1,
    "pid": 34977,
    "index": 42
  },
  {
    "name": "Require(36) node_modules/egg/app/extend/context.js",
    "start": 1629545799770,
    "end": 1629545799771,
    "duration": 1,
    "pid": 34977,
    "index": 43
  },
  {
    "name": "Load extend/helper.js",
    "start": 1629545799772,
    "end": 1629545799856,
    "duration": 84,
    "pid": 34977,
    "index": 44
  },
  {
    "name": "Require(37) node_modules/egg-security/app/extend/helper.js",
    "start": 1629545799772,
    "end": 1629545799784,
    "duration": 12,
    "pid": 34977,
    "index": 45
  },
  {
    "name": "Require(38) node_modules/egg/app/extend/helper.js",
    "start": 1629545799785,
    "end": 1629545799786,
    "duration": 1,
    "pid": 34977,
    "index": 46
  },
  {
    "name": "Require(39) app/extend/helper.js",
    "start": 1629545799786,
    "end": 1629545799856,
    "duration": 70,
    "pid": 34977,
    "index": 47
  },
  {
    "name": "Load app.js",
    "start": 1629545799857,
    "end": 1629545799896,
    "duration": 39,
    "pid": 34977,
    "index": 48
  },
  {
    "name": "Require(40) node_modules/egg-session/app.js",
    "start": 1629545799857,
    "end": 1629545799857,
    "duration": 0,
    "pid": 34977,
    "index": 49
  },
  {
    "name": "Require(41) node_modules/egg-security/app.js",
    "start": 1629545799857,
    "end": 1629545799858,
    "duration": 1,
    "pid": 34977,
    "index": 50
  },
  {
    "name": "Require(42) node_modules/egg-onerror/app.js",
    "start": 1629545799859,
    "end": 1629545799866,
    "duration": 7,
    "pid": 34977,
    "index": 51
  },
  {
    "name": "Require(43) node_modules/egg-i18n/app.js",
    "start": 1629545799866,
    "end": 1629545799875,
    "duration": 9,
    "pid": 34977,
    "index": 52
  },
  {
    "name": "Require(44) node_modules/egg-watcher/app.js",
    "start": 1629545799875,
    "end": 1629545799877,
    "duration": 2,
    "pid": 34977,
    "index": 53
  },
  {
    "name": "Require(45) node_modules/egg-schedule/app.js",
    "start": 1629545799877,
    "end": 1629545799878,
    "duration": 1,
    "pid": 34977,
    "index": 54
  },
  {
    "name": "Require(46) node_modules/egg-multipart/app.js",
    "start": 1629545799878,
    "end": 1629545799878,
    "duration": 0,
    "pid": 34977,
    "index": 55
  },
  {
    "name": "Require(47) node_modules/egg-development/app.js",
    "start": 1629545799878,
    "end": 1629545799879,
    "duration": 1,
    "pid": 34977,
    "index": 56
  },
  {
    "name": "Require(48) node_modules/egg-logrotator/app.js",
    "start": 1629545799879,
    "end": 1629545799879,
    "duration": 0,
    "pid": 34977,
    "index": 57
  },
  {
    "name": "Require(49) node_modules/egg-static/app.js",
    "start": 1629545799879,
    "end": 1629545799880,
    "duration": 1,
    "pid": 34977,
    "index": 58
  },
  {
    "name": "Require(50) node_modules/egg-cors/app.js",
    "start": 1629545799880,
    "end": 1629545799880,
    "duration": 0,
    "pid": 34977,
    "index": 59
  },
  {
    "name": "Require(51) node_modules/egg-mysql/app.js",
    "start": 1629545799880,
    "end": 1629545799895,
    "duration": 15,
    "pid": 34977,
    "index": 60
  },
  {
    "name": "Require(52) node_modules/egg-redis/app.js",
    "start": 1629545799895,
    "end": 1629545799896,
    "duration": 1,
    "pid": 34977,
    "index": 61
  },
  {
    "name": "Before Start in node_modules/egg-watcher/lib/init.js:15:14",
    "start": 1629545799905,
    "end": 1629545800202,
    "duration": 297,
    "pid": 34977,
    "index": 62
  },
  {
    "name": "Before Start in node_modules/egg-mysql/lib/mysql.js:20:7",
    "start": 1629545799982,
    "end": 1629545800208,
    "duration": 226,
    "pid": 34977,
    "index": 63
  },
  {
    "name": "Before Start in node_modules/egg-redis/lib/redis.js:53:7",
    "start": 1629545800028,
    "end": 1629545800198,
    "duration": 170,
    "pid": 34977,
    "index": 64
  },
  {
    "name": "Load Service",
    "start": 1629545800028,
    "end": 1629545800054,
    "duration": 26,
    "pid": 34977,
    "index": 65
  },
  {
    "name": "Load \"service\" to Context",
    "start": 1629545800029,
    "end": 1629545800054,
    "duration": 25,
    "pid": 34977,
    "index": 66
  },
  {
    "name": "Load Middleware",
    "start": 1629545800054,
    "end": 1629545800127,
    "duration": 73,
    "pid": 34977,
    "index": 67
  },
  {
    "name": "Load \"middlewares\" to Application",
    "start": 1629545800054,
    "end": 1629545800118,
    "duration": 64,
    "pid": 34977,
    "index": 68
  },
  {
    "name": "Load Controller",
    "start": 1629545800127,
    "end": 1629545800170,
    "duration": 43,
    "pid": 34977,
    "index": 69
  },
  {
    "name": "Load \"controller\" to Application",
    "start": 1629545800127,
    "end": 1629545800170,
    "duration": 43,
    "pid": 34977,
    "index": 70
  },
  {
    "name": "Load Router",
    "start": 1629545800170,
    "end": 1629545800178,
    "duration": 8,
    "pid": 34977,
    "index": 71
  },
  {
    "name": "Require(53) app/router.js",
    "start": 1629545800171,
    "end": 1629545800172,
    "duration": 1,
    "pid": 34977,
    "index": 72
  },
  {
    "name": "Before Start in node_modules/egg-core/lib/egg.js:303:10",
    "start": 1629545800172,
    "end": 1629545800189,
    "duration": 17,
    "pid": 34977,
    "index": 73
  }
]