[
  {
    "name": "Application Start",
    "start": 1629545817007,
    "end": 1629545817755,
    "duration": 748,
    "pid": 35008,
    "index": 0
  },
  {
    "name": "Load Plugin",
    "start": 1629545817015,
    "end": 1629545817028,
    "duration": 13,
    "pid": 35008,
    "index": 1
  },
  {
    "name": "Load Config",
    "start": 1629545817028,
    "end": 1629545817052,
    "duration": 24,
    "pid": 35008,
    "index": 2
  },
  {
    "name": "Require(0) config/config.default.js",
    "start": 1629545817029,
    "end": 1629545817029,
    "duration": 0,
    "pid": 35008,
    "index": 3
  },
  {
    "name": "Require(1) config/config.local.js",
    "start": 1629545817030,
    "end": 1629545817031,
    "duration": 1,
    "pid": 35008,
    "index": 4
  },
  {
    "name": "Require(2) node_modules/egg-session/config/config.default.js",
    "start": 1629545817031,
    "end": 1629545817032,
    "duration": 1,
    "pid": 35008,
    "index": 5
  },
  {
    "name": "Require(3) node_modules/egg-security/config/config.default.js",
    "start": 1629545817032,
    "end": 1629545817033,
    "duration": 1,
    "pid": 35008,
    "index": 6
  },
  {
    "name": "Require(4) node_modules/egg-jsonp/config/config.default.js",
    "start": 1629545817033,
    "end": 1629545817034,
    "duration": 1,
    "pid": 35008,
    "index": 7
  },
  {
    "name": "Require(5) node_modules/egg-onerror/config/config.default.js",
    "start": 1629545817034,
    "end": 1629545817036,
    "duration": 2,
    "pid": 35008,
    "index": 8
  },
  {
    "name": "Require(6) node_modules/egg-i18n/config/config.default.js",
    "start": 1629545817036,
    "end": 1629545817037,
    "duration": 1,
    "pid": 35008,
    "index": 9
  },
  {
    "name": "Require(7) node_modules/egg-watcher/config/config.default.js",
    "start": 1629545817037,
    "end": 1629545817038,
    "duration": 1,
    "pid": 35008,
    "index": 10
  },
  {
    "name": "Require(8) node_modules/egg-schedule/config/config.default.js",
    "start": 1629545817038,
    "end": 1629545817039,
    "duration": 1,
    "pid": 35008,
    "index": 11
  },
  {
    "name": "Require(9) node_modules/egg-multipart/config/config.default.js",
    "start": 1629545817039,
    "end": 1629545817040,
    "duration": 1,
    "pid": 35008,
    "index": 12
  },
  {
    "name": "Require(10) node_modules/egg-development/config/config.default.js",
    "start": 1629545817040,
    "end": 1629545817041,
    "duration": 1,
    "pid": 35008,
    "index": 13
  },
  {
    "name": "Require(11) node_modules/egg-logrotator/config/config.default.js",
    "start": 1629545817041,
    "end": 1629545817042,
    "duration": 1,
    "pid": 35008,
    "index": 14
  },
  {
    "name": "Require(12) node_modules/egg-static/config/config.default.js",
    "start": 1629545817042,
    "end": 1629545817042,
    "duration": 0,
    "pid": 35008,
    "index": 15
  },
  {
    "name": "Require(13) node_modules/egg-view/config/config.default.js",
    "start": 1629545817043,
    "end": 1629545817043,
    "duration": 0,
    "pid": 35008,
    "index": 16
  },
  {
    "name": "Require(14) node_modules/egg-cors/config/config.default.js",
    "start": 1629545817044,
    "end": 1629545817044,
    "duration": 0,
    "pid": 35008,
    "index": 17
  },
  {
    "name": "Require(15) node_modules/egg-mysql/config/config.default.js",
    "start": 1629545817044,
    "end": 1629545817045,
    "duration": 1,
    "pid": 35008,
    "index": 18
  },
  {
    "name": "Require(16) node_modules/egg-redis/config/config.default.js",
    "start": 1629545817045,
    "end": 1629545817046,
    "duration": 1,
    "pid": 35008,
    "index": 19
  },
  {
    "name": "Require(17) node_modules/egg/config/config.default.js",
    "start": 1629545817046,
    "end": 1629545817047,
    "duration": 1,
    "pid": 35008,
    "index": 20
  },
  {
    "name": "Require(18) config/config.default.js",
    "start": 1629545817048,
    "end": 1629545817048,
    "duration": 0,
    "pid": 35008,
    "index": 21
  },
  {
    "name": "Require(19) node_modules/egg-security/config/config.local.js",
    "start": 1629545817049,
    "end": 1629545817049,
    "duration": 0,
    "pid": 35008,
    "index": 22
  },
  {
    "name": "Require(20) node_modules/egg-watcher/config/config.local.js",
    "start": 1629545817049,
    "end": 1629545817050,
    "duration": 1,
    "pid": 35008,
    "index": 23
  },
  {
    "name": "Require(21) node_modules/egg-view/config/config.local.js",
    "start": 1629545817050,
    "end": 1629545817051,
    "duration": 1,
    "pid": 35008,
    "index": 24
  },
  {
    "name": "Require(22) node_modules/egg/config/config.local.js",
    "start": 1629545817051,
    "end": 1629545817052,
    "duration": 1,
    "pid": 35008,
    "index": 25
  },
  {
    "name": "Require(23) config/config.local.js",
    "start": 1629545817052,
    "end": 1629545817052,
    "duration": 0,
    "pid": 35008,
    "index": 26
  },
  {
    "name": "Load extend/application.js",
    "start": 1629545817053,
    "end": 1629545817060,
    "duration": 7,
    "pid": 35008,
    "index": 27
  },
  {
    "name": "Require(24) node_modules/egg-session/app/extend/application.js",
    "start": 1629545817053,
    "end": 1629545817053,
    "duration": 0,
    "pid": 35008,
    "index": 28
  },
  {
    "name": "Require(25) node_modules/egg-security/app/extend/application.js",
    "start": 1629545817053,
    "end": 1629545817055,
    "duration": 2,
    "pid": 35008,
    "index": 29
  },
  {
    "name": "Require(26) node_modules/egg-jsonp/app/extend/application.js",
    "start": 1629545817055,
    "end": 1629545817056,
    "duration": 1,
    "pid": 35008,
    "index": 30
  },
  {
    "name": "Require(27) node_modules/egg-logrotator/app/extend/application.js",
    "start": 1629545817057,
    "end": 1629545817058,
    "duration": 1,
    "pid": 35008,
    "index": 31
  },
  {
    "name": "Require(28) node_modules/egg-view/app/extend/application.js",
    "start": 1629545817058,
    "end": 1629545817059,
    "duration": 1,
    "pid": 35008,
    "index": 32
  },
  {
    "name": "Load extend/request.js",
    "start": 1629545817060,
    "end": 1629545817063,
    "duration": 3,
    "pid": 35008,
    "index": 33
  },
  {
    "name": "Require(29) node_modules/egg/app/extend/request.js",
    "start": 1629545817061,
    "end": 1629545817062,
    "duration": 1,
    "pid": 35008,
    "index": 34
  },
  {
    "name": "Load extend/response.js",
    "start": 1629545817063,
    "end": 1629545817067,
    "duration": 4,
    "pid": 35008,
    "index": 35
  },
  {
    "name": "Require(30) node_modules/egg/app/extend/response.js",
    "start": 1629545817065,
    "end": 1629545817066,
    "duration": 1,
    "pid": 35008,
    "index": 36
  },
  {
    "name": "Load extend/context.js",
    "start": 1629545817067,
    "end": 1629545817122,
    "duration": 55,
    "pid": 35008,
    "index": 37
  },
  {
    "name": "Require(31) node_modules/egg-security/app/extend/context.js",
    "start": 1629545817067,
    "end": 1629545817076,
    "duration": 9,
    "pid": 35008,
    "index": 38
  },
  {
    "name": "Require(32) node_modules/egg-jsonp/app/extend/context.js",
    "start": 1629545817076,
    "end": 1629545817078,
    "duration": 2,
    "pid": 35008,
    "index": 39
  },
  {
    "name": "Require(33) node_modules/egg-i18n/app/extend/context.js",
    "start": 1629545817078,
    "end": 1629545817079,
    "duration": 1,
    "pid": 35008,
    "index": 40
  },
  {
    "name": "Require(34) node_modules/egg-multipart/app/extend/context.js",
    "start": 1629545817079,
    "end": 1629545817119,
    "duration": 40,
    "pid": 35008,
    "index": 41
  },
  {
    "name": "Require(35) node_modules/egg-view/app/extend/context.js",
    "start": 1629545817119,
    "end": 1629545817120,
    "duration": 1,
    "pid": 35008,
    "index": 42
  },
  {
    "name": "Require(36) node_modules/egg/app/extend/context.js",
    "start": 1629545817120,
    "end": 1629545817121,
    "duration": 1,
    "pid": 35008,
    "index": 43
  },
  {
    "name": "Load extend/helper.js",
    "start": 1629545817122,
    "end": 1629545817269,
    "duration": 147,
    "pid": 35008,
    "index": 44
  },
  {
    "name": "Require(37) node_modules/egg-security/app/extend/helper.js",
    "start": 1629545817122,
    "end": 1629545817136,
    "duration": 14,
    "pid": 35008,
    "index": 45
  },
  {
    "name": "Require(38) node_modules/egg/app/extend/helper.js",
    "start": 1629545817137,
    "end": 1629545817137,
    "duration": 0,
    "pid": 35008,
    "index": 46
  },
  {
    "name": "Require(39) app/extend/helper.js",
    "start": 1629545817137,
    "end": 1629545817258,
    "duration": 121,
    "pid": 35008,
    "index": 47
  },
  {
    "name": "Load app.js",
    "start": 1629545817269,
    "end": 1629545817399,
    "duration": 130,
    "pid": 35008,
    "index": 48
  },
  {
    "name": "Require(40) node_modules/egg-session/app.js",
    "start": 1629545817272,
    "end": 1629545817274,
    "duration": 2,
    "pid": 35008,
    "index": 49
  },
  {
    "name": "Require(41) node_modules/egg-security/app.js",
    "start": 1629545817274,
    "end": 1629545817277,
    "duration": 3,
    "pid": 35008,
    "index": 50
  },
  {
    "name": "Require(42) node_modules/egg-onerror/app.js",
    "start": 1629545817277,
    "end": 1629545817308,
    "duration": 31,
    "pid": 35008,
    "index": 51
  },
  {
    "name": "Require(43) node_modules/egg-i18n/app.js",
    "start": 1629545817309,
    "end": 1629545817332,
    "duration": 23,
    "pid": 35008,
    "index": 52
  },
  {
    "name": "Require(44) node_modules/egg-watcher/app.js",
    "start": 1629545817332,
    "end": 1629545817336,
    "duration": 4,
    "pid": 35008,
    "index": 53
  },
  {
    "name": "Require(45) node_modules/egg-schedule/app.js",
    "start": 1629545817336,
    "end": 1629545817342,
    "duration": 6,
    "pid": 35008,
    "index": 54
  },
  {
    "name": "Require(46) node_modules/egg-multipart/app.js",
    "start": 1629545817342,
    "end": 1629545817344,
    "duration": 2,
    "pid": 35008,
    "index": 55
  },
  {
    "name": "Require(47) node_modules/egg-development/app.js",
    "start": 1629545817345,
    "end": 1629545817347,
    "duration": 2,
    "pid": 35008,
    "index": 56
  },
  {
    "name": "Require(48) node_modules/egg-logrotator/app.js",
    "start": 1629545817347,
    "end": 1629545817348,
    "duration": 1,
    "pid": 35008,
    "index": 57
  },
  {
    "name": "Require(49) node_modules/egg-static/app.js",
    "start": 1629545817348,
    "end": 1629545817348,
    "duration": 0,
    "pid": 35008,
    "index": 58
  },
  {
    "name": "Require(50) node_modules/egg-cors/app.js",
    "start": 1629545817348,
    "end": 1629545817349,
    "duration": 1,
    "pid": 35008,
    "index": 59
  },
  {
    "name": "Require(51) node_modules/egg-mysql/app.js",
    "start": 1629545817349,
    "end": 1629545817395,
    "duration": 46,
    "pid": 35008,
    "index": 60
  },
  {
    "name": "Require(52) node_modules/egg-redis/app.js",
    "start": 1629545817396,
    "end": 1629545817398,
    "duration": 2,
    "pid": 35008,
    "index": 61
  },
  {
    "name": "Before Start in node_modules/egg-watcher/lib/init.js:15:14",
    "start": 1629545817417,
    "end": 1629545817753,
    "duration": 336,
    "pid": 35008,
    "index": 62
  },
  {
    "name": "Before Start in node_modules/egg-mysql/lib/mysql.js:20:7",
    "start": 1629545817538,
    "end": 1629545817755,
    "duration": 217,
    "pid": 35008,
    "index": 63
  },
  {
    "name": "Before Start in node_modules/egg-redis/lib/redis.js:53:7",
    "start": 1629545817591,
    "end": 1629545817749,
    "duration": 158,
    "pid": 35008,
    "index": 64
  },
  {
    "name": "Load Service",
    "start": 1629545817591,
    "end": 1629545817609,
    "duration": 18,
    "pid": 35008,
    "index": 65
  },
  {
    "name": "Load \"service\" to Context",
    "start": 1629545817591,
    "end": 1629545817609,
    "duration": 18,
    "pid": 35008,
    "index": 66
  },
  {
    "name": "Load Middleware",
    "start": 1629545817609,
    "end": 1629545817678,
    "duration": 69,
    "pid": 35008,
    "index": 67
  },
  {
    "name": "Load \"middlewares\" to Application",
    "start": 1629545817609,
    "end": 1629545817667,
    "duration": 58,
    "pid": 35008,
    "index": 68
  },
  {
    "name": "Load Controller",
    "start": 1629545817678,
    "end": 1629545817724,
    "duration": 46,
    "pid": 35008,
    "index": 69
  },
  {
    "name": "Load \"controller\" to Application",
    "start": 1629545817679,
    "end": 1629545817724,
    "duration": 45,
    "pid": 35008,
    "index": 70
  },
  {
    "name": "Load Router",
    "start": 1629545817724,
    "end": 1629545817731,
    "duration": 7,
    "pid": 35008,
    "index": 71
  },
  {
    "name": "Require(53) app/router.js",
    "start": 1629545817724,
    "end": 1629545817724,
    "duration": 0,
    "pid": 35008,
    "index": 72
  },
  {
    "name": "Before Start in node_modules/egg-core/lib/egg.js:303:10",
    "start": 1629545817725,
    "end": 1629545817742,
    "duration": 17,
    "pid": 35008,
    "index": 73
  }
]