[
  {
    "name": "Application Start",
    "start": 1629541862495,
    "end": 1629541863097,
    "duration": 602,
    "pid": 33604,
    "index": 0
  },
  {
    "name": "Load Plugin",
    "start": 1629541862498,
    "end": 1629541862504,
    "duration": 6,
    "pid": 33604,
    "index": 1
  },
  {
    "name": "Load Config",
    "start": 1629541862504,
    "end": 1629541862517,
    "duration": 13,
    "pid": 33604,
    "index": 2
  },
  {
    "name": "Require(0) config/config.default.js",
    "start": 1629541862505,
    "end": 1629541862505,
    "duration": 0,
    "pid": 33604,
    "index": 3
  },
  {
    "name": "Require(1) config/config.local.js",
    "start": 1629541862506,
    "end": 1629541862506,
    "duration": 0,
    "pid": 33604,
    "index": 4
  },
  {
    "name": "Require(2) node_modules/egg-session/config/config.default.js",
    "start": 1629541862506,
    "end": 1629541862507,
    "duration": 1,
    "pid": 33604,
    "index": 5
  },
  {
    "name": "Require(3) node_modules/egg-security/config/config.default.js",
    "start": 1629541862507,
    "end": 1629541862507,
    "duration": 0,
    "pid": 33604,
    "index": 6
  },
  {
    "name": "Require(4) node_modules/egg-jsonp/config/config.default.js",
    "start": 1629541862508,
    "end": 1629541862508,
    "duration": 0,
    "pid": 33604,
    "index": 7
  },
  {
    "name": "Require(5) node_modules/egg-onerror/config/config.default.js",
    "start": 1629541862508,
    "end": 1629541862509,
    "duration": 1,
    "pid": 33604,
    "index": 8
  },
  {
    "name": "Require(6) node_modules/egg-i18n/config/config.default.js",
    "start": 1629541862509,
    "end": 1629541862509,
    "duration": 0,
    "pid": 33604,
    "index": 9
  },
  {
    "name": "Require(7) node_modules/egg-watcher/config/config.default.js",
    "start": 1629541862509,
    "end": 1629541862510,
    "duration": 1,
    "pid": 33604,
    "index": 10
  },
  {
    "name": "Require(8) node_modules/egg-schedule/config/config.default.js",
    "start": 1629541862510,
    "end": 1629541862510,
    "duration": 0,
    "pid": 33604,
    "index": 11
  },
  {
    "name": "Require(9) node_modules/egg-multipart/config/config.default.js",
    "start": 1629541862510,
    "end": 1629541862510,
    "duration": 0,
    "pid": 33604,
    "index": 12
  },
  {
    "name": "Require(10) node_modules/egg-development/config/config.default.js",
    "start": 1629541862511,
    "end": 1629541862511,
    "duration": 0,
    "pid": 33604,
    "index": 13
  },
  {
    "name": "Require(11) node_modules/egg-logrotator/config/config.default.js",
    "start": 1629541862511,
    "end": 1629541862511,
    "duration": 0,
    "pid": 33604,
    "index": 14
  },
  {
    "name": "Require(12) node_modules/egg-static/config/config.default.js",
    "start": 1629541862511,
    "end": 1629541862512,
    "duration": 1,
    "pid": 33604,
    "index": 15
  },
  {
    "name": "Require(13) node_modules/egg-view/config/config.default.js",
    "start": 1629541862512,
    "end": 1629541862512,
    "duration": 0,
    "pid": 33604,
    "index": 16
  },
  {
    "name": "Require(14) node_modules/egg-cors/config/config.default.js",
    "start": 1629541862512,
    "end": 1629541862512,
    "duration": 0,
    "pid": 33604,
    "index": 17
  },
  {
    "name": "Require(15) node_modules/egg-mysql/config/config.default.js",
    "start": 1629541862513,
    "end": 1629541862513,
    "duration": 0,
    "pid": 33604,
    "index": 18
  },
  {
    "name": "Require(16) node_modules/egg-redis/config/config.default.js",
    "start": 1629541862513,
    "end": 1629541862513,
    "duration": 0,
    "pid": 33604,
    "index": 19
  },
  {
    "name": "Require(17) node_modules/egg/config/config.default.js",
    "start": 1629541862513,
    "end": 1629541862514,
    "duration": 1,
    "pid": 33604,
    "index": 20
  },
  {
    "name": "Require(18) config/config.default.js",
    "start": 1629541862515,
    "end": 1629541862515,
    "duration": 0,
    "pid": 33604,
    "index": 21
  },
  {
    "name": "Require(19) node_modules/egg-security/config/config.local.js",
    "start": 1629541862515,
    "end": 1629541862515,
    "duration": 0,
    "pid": 33604,
    "index": 22
  },
  {
    "name": "Require(20) node_modules/egg-watcher/config/config.local.js",
    "start": 1629541862516,
    "end": 1629541862516,
    "duration": 0,
    "pid": 33604,
    "index": 23
  },
  {
    "name": "Require(21) node_modules/egg-view/config/config.local.js",
    "start": 1629541862516,
    "end": 1629541862516,
    "duration": 0,
    "pid": 33604,
    "index": 24
  },
  {
    "name": "Require(22) node_modules/egg/config/config.local.js",
    "start": 1629541862517,
    "end": 1629541862517,
    "duration": 0,
    "pid": 33604,
    "index": 25
  },
  {
    "name": "Require(23) config/config.local.js",
    "start": 1629541862517,
    "end": 1629541862517,
    "duration": 0,
    "pid": 33604,
    "index": 26
  },
  {
    "name": "Load extend/application.js",
    "start": 1629541862518,
    "end": 1629541862528,
    "duration": 10,
    "pid": 33604,
    "index": 27
  },
  {
    "name": "Require(24) node_modules/egg-session/app/extend/application.js",
    "start": 1629541862518,
    "end": 1629541862519,
    "duration": 1,
    "pid": 33604,
    "index": 28
  },
  {
    "name": "Require(25) node_modules/egg-security/app/extend/application.js",
    "start": 1629541862519,
    "end": 1629541862520,
    "duration": 1,
    "pid": 33604,
    "index": 29
  },
  {
    "name": "Require(26) node_modules/egg-jsonp/app/extend/application.js",
    "start": 1629541862521,
    "end": 1629541862521,
    "duration": 0,
    "pid": 33604,
    "index": 30
  },
  {
    "name": "Require(27) node_modules/egg-logrotator/app/extend/application.js",
    "start": 1629541862523,
    "end": 1629541862524,
    "duration": 1,
    "pid": 33604,
    "index": 31
  },
  {
    "name": "Require(28) node_modules/egg-view/app/extend/application.js",
    "start": 1629541862525,
    "end": 1629541862526,
    "duration": 1,
    "pid": 33604,
    "index": 32
  },
  {
    "name": "Load extend/request.js",
    "start": 1629541862528,
    "end": 1629541862532,
    "duration": 4,
    "pid": 33604,
    "index": 33
  },
  {
    "name": "Require(29) node_modules/egg/app/extend/request.js",
    "start": 1629541862529,
    "end": 1629541862530,
    "duration": 1,
    "pid": 33604,
    "index": 34
  },
  {
    "name": "Load extend/response.js",
    "start": 1629541862532,
    "end": 1629541862537,
    "duration": 5,
    "pid": 33604,
    "index": 35
  },
  {
    "name": "Require(30) node_modules/egg/app/extend/response.js",
    "start": 1629541862534,
    "end": 1629541862536,
    "duration": 2,
    "pid": 33604,
    "index": 36
  },
  {
    "name": "Load extend/context.js",
    "start": 1629541862537,
    "end": 1629541862605,
    "duration": 68,
    "pid": 33604,
    "index": 37
  },
  {
    "name": "Require(31) node_modules/egg-security/app/extend/context.js",
    "start": 1629541862537,
    "end": 1629541862549,
    "duration": 12,
    "pid": 33604,
    "index": 38
  },
  {
    "name": "Require(32) node_modules/egg-jsonp/app/extend/context.js",
    "start": 1629541862549,
    "end": 1629541862551,
    "duration": 2,
    "pid": 33604,
    "index": 39
  },
  {
    "name": "Require(33) node_modules/egg-i18n/app/extend/context.js",
    "start": 1629541862551,
    "end": 1629541862552,
    "duration": 1,
    "pid": 33604,
    "index": 40
  },
  {
    "name": "Require(34) node_modules/egg-multipart/app/extend/context.js",
    "start": 1629541862552,
    "end": 1629541862600,
    "duration": 48,
    "pid": 33604,
    "index": 41
  },
  {
    "name": "Require(35) node_modules/egg-view/app/extend/context.js",
    "start": 1629541862600,
    "end": 1629541862602,
    "duration": 2,
    "pid": 33604,
    "index": 42
  },
  {
    "name": "Require(36) node_modules/egg/app/extend/context.js",
    "start": 1629541862602,
    "end": 1629541862604,
    "duration": 2,
    "pid": 33604,
    "index": 43
  },
  {
    "name": "Load extend/helper.js",
    "start": 1629541862605,
    "end": 1629541862712,
    "duration": 107,
    "pid": 33604,
    "index": 44
  },
  {
    "name": "Require(37) node_modules/egg-security/app/extend/helper.js",
    "start": 1629541862605,
    "end": 1629541862624,
    "duration": 19,
    "pid": 33604,
    "index": 45
  },
  {
    "name": "Require(38) node_modules/egg/app/extend/helper.js",
    "start": 1629541862625,
    "end": 1629541862626,
    "duration": 1,
    "pid": 33604,
    "index": 46
  },
  {
    "name": "Require(39) app/extend/helper.js",
    "start": 1629541862626,
    "end": 1629541862711,
    "duration": 85,
    "pid": 33604,
    "index": 47
  },
  {
    "name": "Load app.js",
    "start": 1629541862712,
    "end": 1629541862758,
    "duration": 46,
    "pid": 33604,
    "index": 48
  },
  {
    "name": "Require(40) node_modules/egg-session/app.js",
    "start": 1629541862712,
    "end": 1629541862713,
    "duration": 1,
    "pid": 33604,
    "index": 49
  },
  {
    "name": "Require(41) node_modules/egg-security/app.js",
    "start": 1629541862713,
    "end": 1629541862714,
    "duration": 1,
    "pid": 33604,
    "index": 50
  },
  {
    "name": "Require(42) node_modules/egg-onerror/app.js",
    "start": 1629541862714,
    "end": 1629541862721,
    "duration": 7,
    "pid": 33604,
    "index": 51
  },
  {
    "name": "Require(43) node_modules/egg-i18n/app.js",
    "start": 1629541862722,
    "end": 1629541862731,
    "duration": 9,
    "pid": 33604,
    "index": 52
  },
  {
    "name": "Require(44) node_modules/egg-watcher/app.js",
    "start": 1629541862731,
    "end": 1629541862734,
    "duration": 3,
    "pid": 33604,
    "index": 53
  },
  {
    "name": "Require(45) node_modules/egg-schedule/app.js",
    "start": 1629541862735,
    "end": 1629541862736,
    "duration": 1,
    "pid": 33604,
    "index": 54
  },
  {
    "name": "Require(46) node_modules/egg-multipart/app.js",
    "start": 1629541862736,
    "end": 1629541862736,
    "duration": 0,
    "pid": 33604,
    "index": 55
  },
  {
    "name": "Require(47) node_modules/egg-development/app.js",
    "start": 1629541862737,
    "end": 1629541862737,
    "duration": 0,
    "pid": 33604,
    "index": 56
  },
  {
    "name": "Require(48) node_modules/egg-logrotator/app.js",
    "start": 1629541862737,
    "end": 1629541862737,
    "duration": 0,
    "pid": 33604,
    "index": 57
  },
  {
    "name": "Require(49) node_modules/egg-static/app.js",
    "start": 1629541862738,
    "end": 1629541862738,
    "duration": 0,
    "pid": 33604,
    "index": 58
  },
  {
    "name": "Require(50) node_modules/egg-cors/app.js",
    "start": 1629541862738,
    "end": 1629541862739,
    "duration": 1,
    "pid": 33604,
    "index": 59
  },
  {
    "name": "Require(51) node_modules/egg-mysql/app.js",
    "start": 1629541862739,
    "end": 1629541862756,
    "duration": 17,
    "pid": 33604,
    "index": 60
  },
  {
    "name": "Require(52) node_modules/egg-redis/app.js",
    "start": 1629541862756,
    "end": 1629541862757,
    "duration": 1,
    "pid": 33604,
    "index": 61
  },
  {
    "name": "Before Start in node_modules/egg-watcher/lib/init.js:15:14",
    "start": 1629541862766,
    "end": 1629541863085,
    "duration": 319,
    "pid": 33604,
    "index": 62
  },
  {
    "name": "Before Start in node_modules/egg-mysql/lib/mysql.js:20:7",
    "start": 1629541862851,
    "end": 1629541863097,
    "duration": 246,
    "pid": 33604,
    "index": 63
  },
  {
    "name": "Before Start in node_modules/egg-redis/lib/redis.js:53:7",
    "start": 1629541862905,
    "end": 1629541863084,
    "duration": 179,
    "pid": 33604,
    "index": 64
  },
  {
    "name": "Load Service",
    "start": 1629541862905,
    "end": 1629541862925,
    "duration": 20,
    "pid": 33604,
    "index": 65
  },
  {
    "name": "Load \"service\" to Context",
    "start": 1629541862905,
    "end": 1629541862925,
    "duration": 20,
    "pid": 33604,
    "index": 66
  },
  {
    "name": "Load Middleware",
    "start": 1629541862925,
    "end": 1629541863007,
    "duration": 82,
    "pid": 33604,
    "index": 67
  },
  {
    "name": "Load \"middlewares\" to Application",
    "start": 1629541862926,
    "end": 1629541863000,
    "duration": 74,
    "pid": 33604,
    "index": 68
  },
  {
    "name": "Load Controller",
    "start": 1629541863007,
    "end": 1629541863058,
    "duration": 51,
    "pid": 33604,
    "index": 69
  },
  {
    "name": "Load \"controller\" to Application",
    "start": 1629541863008,
    "end": 1629541863058,
    "duration": 50,
    "pid": 33604,
    "index": 70
  },
  {
    "name": "Load Router",
    "start": 1629541863058,
    "end": 1629541863065,
    "duration": 7,
    "pid": 33604,
    "index": 71
  },
  {
    "name": "Require(53) app/router.js",
    "start": 1629541863058,
    "end": 1629541863059,
    "duration": 1,
    "pid": 33604,
    "index": 72
  },
  {
    "name": "Before Start in node_modules/egg-core/lib/egg.js:303:10",
    "start": 1629541863059,
    "end": 1629541863076,
    "duration": 17,
    "pid": 33604,
    "index": 73
  }
]