[
  {
    "name": "Application Start",
    "start": 1629545856096,
    "end": 1629545856549,
    "duration": 453,
    "pid": 35050,
    "index": 0
  },
  {
    "name": "Load Plugin",
    "start": 1629545856099,
    "end": 1629545856107,
    "duration": 8,
    "pid": 35050,
    "index": 1
  },
  {
    "name": "Load Config",
    "start": 1629545856107,
    "end": 1629545856119,
    "duration": 12,
    "pid": 35050,
    "index": 2
  },
  {
    "name": "Require(0) config/config.default.js",
    "start": 1629545856107,
    "end": 1629545856107,
    "duration": 0,
    "pid": 35050,
    "index": 3
  },
  {
    "name": "Require(1) config/config.local.js",
    "start": 1629545856109,
    "end": 1629545856109,
    "duration": 0,
    "pid": 35050,
    "index": 4
  },
  {
    "name": "Require(2) node_modules/egg-session/config/config.default.js",
    "start": 1629545856109,
    "end": 1629545856110,
    "duration": 1,
    "pid": 35050,
    "index": 5
  },
  {
    "name": "Require(3) node_modules/egg-security/config/config.default.js",
    "start": 1629545856110,
    "end": 1629545856110,
    "duration": 0,
    "pid": 35050,
    "index": 6
  },
  {
    "name": "Require(4) node_modules/egg-jsonp/config/config.default.js",
    "start": 1629545856111,
    "end": 1629545856111,
    "duration": 0,
    "pid": 35050,
    "index": 7
  },
  {
    "name": "Require(5) node_modules/egg-onerror/config/config.default.js",
    "start": 1629545856111,
    "end": 1629545856111,
    "duration": 0,
    "pid": 35050,
    "index": 8
  },
  {
    "name": "Require(6) node_modules/egg-i18n/config/config.default.js",
    "start": 1629545856111,
    "end": 1629545856111,
    "duration": 0,
    "pid": 35050,
    "index": 9
  },
  {
    "name": "Require(7) node_modules/egg-watcher/config/config.default.js",
    "start": 1629545856112,
    "end": 1629545856112,
    "duration": 0,
    "pid": 35050,
    "index": 10
  },
  {
    "name": "Require(8) node_modules/egg-schedule/config/config.default.js",
    "start": 1629545856112,
    "end": 1629545856112,
    "duration": 0,
    "pid": 35050,
    "index": 11
  },
  {
    "name": "Require(9) node_modules/egg-multipart/config/config.default.js",
    "start": 1629545856112,
    "end": 1629545856113,
    "duration": 1,
    "pid": 35050,
    "index": 12
  },
  {
    "name": "Require(10) node_modules/egg-development/config/config.default.js",
    "start": 1629545856113,
    "end": 1629545856113,
    "duration": 0,
    "pid": 35050,
    "index": 13
  },
  {
    "name": "Require(11) node_modules/egg-logrotator/config/config.default.js",
    "start": 1629545856113,
    "end": 1629545856114,
    "duration": 1,
    "pid": 35050,
    "index": 14
  },
  {
    "name": "Require(12) node_modules/egg-static/config/config.default.js",
    "start": 1629545856114,
    "end": 1629545856114,
    "duration": 0,
    "pid": 35050,
    "index": 15
  },
  {
    "name": "Require(13) node_modules/egg-view/config/config.default.js",
    "start": 1629545856114,
    "end": 1629545856114,
    "duration": 0,
    "pid": 35050,
    "index": 16
  },
  {
    "name": "Require(14) node_modules/egg-cors/config/config.default.js",
    "start": 1629545856115,
    "end": 1629545856115,
    "duration": 0,
    "pid": 35050,
    "index": 17
  },
  {
    "name": "Require(15) node_modules/egg-mysql/config/config.default.js",
    "start": 1629545856115,
    "end": 1629545856115,
    "duration": 0,
    "pid": 35050,
    "index": 18
  },
  {
    "name": "Require(16) node_modules/egg-redis/config/config.default.js",
    "start": 1629545856115,
    "end": 1629545856115,
    "duration": 0,
    "pid": 35050,
    "index": 19
  },
  {
    "name": "Require(17) node_modules/egg/config/config.default.js",
    "start": 1629545856115,
    "end": 1629545856116,
    "duration": 1,
    "pid": 35050,
    "index": 20
  },
  {
    "name": "Require(18) config/config.default.js",
    "start": 1629545856117,
    "end": 1629545856117,
    "duration": 0,
    "pid": 35050,
    "index": 21
  },
  {
    "name": "Require(19) node_modules/egg-security/config/config.local.js",
    "start": 1629545856117,
    "end": 1629545856117,
    "duration": 0,
    "pid": 35050,
    "index": 22
  },
  {
    "name": "Require(20) node_modules/egg-watcher/config/config.local.js",
    "start": 1629545856117,
    "end": 1629545856118,
    "duration": 1,
    "pid": 35050,
    "index": 23
  },
  {
    "name": "Require(21) node_modules/egg-view/config/config.local.js",
    "start": 1629545856118,
    "end": 1629545856118,
    "duration": 0,
    "pid": 35050,
    "index": 24
  },
  {
    "name": "Require(22) node_modules/egg/config/config.local.js",
    "start": 1629545856119,
    "end": 1629545856119,
    "duration": 0,
    "pid": 35050,
    "index": 25
  },
  {
    "name": "Require(23) config/config.local.js",
    "start": 1629545856119,
    "end": 1629545856119,
    "duration": 0,
    "pid": 35050,
    "index": 26
  },
  {
    "name": "Load extend/application.js",
    "start": 1629545856120,
    "end": 1629545856125,
    "duration": 5,
    "pid": 35050,
    "index": 27
  },
  {
    "name": "Require(24) node_modules/egg-session/app/extend/application.js",
    "start": 1629545856120,
    "end": 1629545856120,
    "duration": 0,
    "pid": 35050,
    "index": 28
  },
  {
    "name": "Require(25) node_modules/egg-security/app/extend/application.js",
    "start": 1629545856120,
    "end": 1629545856121,
    "duration": 1,
    "pid": 35050,
    "index": 29
  },
  {
    "name": "Require(26) node_modules/egg-jsonp/app/extend/application.js",
    "start": 1629545856121,
    "end": 1629545856122,
    "duration": 1,
    "pid": 35050,
    "index": 30
  },
  {
    "name": "Require(27) node_modules/egg-logrotator/app/extend/application.js",
    "start": 1629545856122,
    "end": 1629545856123,
    "duration": 1,
    "pid": 35050,
    "index": 31
  },
  {
    "name": "Require(28) node_modules/egg-view/app/extend/application.js",
    "start": 1629545856123,
    "end": 1629545856124,
    "duration": 1,
    "pid": 35050,
    "index": 32
  },
  {
    "name": "Load extend/request.js",
    "start": 1629545856125,
    "end": 1629545856127,
    "duration": 2,
    "pid": 35050,
    "index": 33
  },
  {
    "name": "Require(29) node_modules/egg/app/extend/request.js",
    "start": 1629545856125,
    "end": 1629545856126,
    "duration": 1,
    "pid": 35050,
    "index": 34
  },
  {
    "name": "Load extend/response.js",
    "start": 1629545856127,
    "end": 1629545856130,
    "duration": 3,
    "pid": 35050,
    "index": 35
  },
  {
    "name": "Require(30) node_modules/egg/app/extend/response.js",
    "start": 1629545856128,
    "end": 1629545856129,
    "duration": 1,
    "pid": 35050,
    "index": 36
  },
  {
    "name": "Load extend/context.js",
    "start": 1629545856130,
    "end": 1629545856167,
    "duration": 37,
    "pid": 35050,
    "index": 37
  },
  {
    "name": "Require(31) node_modules/egg-security/app/extend/context.js",
    "start": 1629545856130,
    "end": 1629545856136,
    "duration": 6,
    "pid": 35050,
    "index": 38
  },
  {
    "name": "Require(32) node_modules/egg-jsonp/app/extend/context.js",
    "start": 1629545856136,
    "end": 1629545856137,
    "duration": 1,
    "pid": 35050,
    "index": 39
  },
  {
    "name": "Require(33) node_modules/egg-i18n/app/extend/context.js",
    "start": 1629545856137,
    "end": 1629545856137,
    "duration": 0,
    "pid": 35050,
    "index": 40
  },
  {
    "name": "Require(34) node_modules/egg-multipart/app/extend/context.js",
    "start": 1629545856137,
    "end": 1629545856165,
    "duration": 28,
    "pid": 35050,
    "index": 41
  },
  {
    "name": "Require(35) node_modules/egg-view/app/extend/context.js",
    "start": 1629545856165,
    "end": 1629545856165,
    "duration": 0,
    "pid": 35050,
    "index": 42
  },
  {
    "name": "Require(36) node_modules/egg/app/extend/context.js",
    "start": 1629545856166,
    "end": 1629545856166,
    "duration": 0,
    "pid": 35050,
    "index": 43
  },
  {
    "name": "Load extend/helper.js",
    "start": 1629545856167,
    "end": 1629545856226,
    "duration": 59,
    "pid": 35050,
    "index": 44
  },
  {
    "name": "Require(37) node_modules/egg-security/app/extend/helper.js",
    "start": 1629545856168,
    "end": 1629545856176,
    "duration": 8,
    "pid": 35050,
    "index": 45
  },
  {
    "name": "Require(38) node_modules/egg/app/extend/helper.js",
    "start": 1629545856176,
    "end": 1629545856176,
    "duration": 0,
    "pid": 35050,
    "index": 46
  },
  {
    "name": "Require(39) app/extend/helper.js",
    "start": 1629545856177,
    "end": 1629545856226,
    "duration": 49,
    "pid": 35050,
    "index": 47
  },
  {
    "name": "Load app.js",
    "start": 1629545856227,
    "end": 1629545856301,
    "duration": 74,
    "pid": 35050,
    "index": 48
  },
  {
    "name": "Require(40) node_modules/egg-session/app.js",
    "start": 1629545856227,
    "end": 1629545856227,
    "duration": 0,
    "pid": 35050,
    "index": 49
  },
  {
    "name": "Require(41) node_modules/egg-security/app.js",
    "start": 1629545856227,
    "end": 1629545856227,
    "duration": 0,
    "pid": 35050,
    "index": 50
  },
  {
    "name": "Require(42) node_modules/egg-onerror/app.js",
    "start": 1629545856228,
    "end": 1629545856231,
    "duration": 3,
    "pid": 35050,
    "index": 51
  },
  {
    "name": "Require(43) node_modules/egg-i18n/app.js",
    "start": 1629545856231,
    "end": 1629545856238,
    "duration": 7,
    "pid": 35050,
    "index": 52
  },
  {
    "name": "Require(44) node_modules/egg-watcher/app.js",
    "start": 1629545856239,
    "end": 1629545856240,
    "duration": 1,
    "pid": 35050,
    "index": 53
  },
  {
    "name": "Require(45) node_modules/egg-schedule/app.js",
    "start": 1629545856240,
    "end": 1629545856241,
    "duration": 1,
    "pid": 35050,
    "index": 54
  },
  {
    "name": "Require(46) node_modules/egg-multipart/app.js",
    "start": 1629545856241,
    "end": 1629545856241,
    "duration": 0,
    "pid": 35050,
    "index": 55
  },
  {
    "name": "Require(47) node_modules/egg-development/app.js",
    "start": 1629545856242,
    "end": 1629545856242,
    "duration": 0,
    "pid": 35050,
    "index": 56
  },
  {
    "name": "Require(48) node_modules/egg-logrotator/app.js",
    "start": 1629545856242,
    "end": 1629545856242,
    "duration": 0,
    "pid": 35050,
    "index": 57
  },
  {
    "name": "Require(49) node_modules/egg-static/app.js",
    "start": 1629545856242,
    "end": 1629545856242,
    "duration": 0,
    "pid": 35050,
    "index": 58
  },
  {
    "name": "Require(50) node_modules/egg-cors/app.js",
    "start": 1629545856242,
    "end": 1629545856242,
    "duration": 0,
    "pid": 35050,
    "index": 59
  },
  {
    "name": "Require(51) node_modules/egg-mysql/app.js",
    "start": 1629545856242,
    "end": 1629545856299,
    "duration": 57,
    "pid": 35050,
    "index": 60
  },
  {
    "name": "Require(52) node_modules/egg-redis/app.js",
    "start": 1629545856300,
    "end": 1629545856301,
    "duration": 1,
    "pid": 35050,
    "index": 61
  },
  {
    "name": "Before Start in node_modules/egg-watcher/lib/init.js:15:14",
    "start": 1629545856314,
    "end": 1629545856545,
    "duration": 231,
    "pid": 35050,
    "index": 62
  },
  {
    "name": "Before Start in node_modules/egg-mysql/lib/mysql.js:20:7",
    "start": 1629545856381,
    "end": 1629545856549,
    "duration": 168,
    "pid": 35050,
    "index": 63
  },
  {
    "name": "Before Start in node_modules/egg-redis/lib/redis.js:53:7",
    "start": 1629545856408,
    "end": 1629545856541,
    "duration": 133,
    "pid": 35050,
    "index": 64
  },
  {
    "name": "Load Service",
    "start": 1629545856408,
    "end": 1629545856418,
    "duration": 10,
    "pid": 35050,
    "index": 65
  },
  {
    "name": "Load \"service\" to Context",
    "start": 1629545856408,
    "end": 1629545856418,
    "duration": 10,
    "pid": 35050,
    "index": 66
  },
  {
    "name": "Load Middleware",
    "start": 1629545856418,
    "end": 1629545856463,
    "duration": 45,
    "pid": 35050,
    "index": 67
  },
  {
    "name": "Load \"middlewares\" to Application",
    "start": 1629545856419,
    "end": 1629545856457,
    "duration": 38,
    "pid": 35050,
    "index": 68
  },
  {
    "name": "Load Controller",
    "start": 1629545856463,
    "end": 1629545856507,
    "duration": 44,
    "pid": 35050,
    "index": 69
  },
  {
    "name": "Load \"controller\" to Application",
    "start": 1629545856463,
    "end": 1629545856507,
    "duration": 44,
    "pid": 35050,
    "index": 70
  },
  {
    "name": "Load Router",
    "start": 1629545856507,
    "end": 1629545856514,
    "duration": 7,
    "pid": 35050,
    "index": 71
  },
  {
    "name": "Require(53) app/router.js",
    "start": 1629545856507,
    "end": 1629545856507,
    "duration": 0,
    "pid": 35050,
    "index": 72
  },
  {
    "name": "Before Start in node_modules/egg-core/lib/egg.js:303:10",
    "start": 1629545856508,
    "end": 1629545856528,
    "duration": 20,
    "pid": 35050,
    "index": 73
  }
]