[
  {
    "name": "Application Start",
    "start": 1629542420945,
    "end": 1629542421467,
    "duration": 522,
    "pid": 33816,
    "index": 0
  },
  {
    "name": "Load Plugin",
    "start": 1629542420952,
    "end": 1629542420964,
    "duration": 12,
    "pid": 33816,
    "index": 1
  },
  {
    "name": "Load Config",
    "start": 1629542420964,
    "end": 1629542420977,
    "duration": 13,
    "pid": 33816,
    "index": 2
  },
  {
    "name": "Require(0) config/config.default.js",
    "start": 1629542420965,
    "end": 1629542420965,
    "duration": 0,
    "pid": 33816,
    "index": 3
  },
  {
    "name": "Require(1) config/config.local.js",
    "start": 1629542420966,
    "end": 1629542420966,
    "duration": 0,
    "pid": 33816,
    "index": 4
  },
  {
    "name": "Require(2) node_modules/egg-session/config/config.default.js",
    "start": 1629542420966,
    "end": 1629542420967,
    "duration": 1,
    "pid": 33816,
    "index": 5
  },
  {
    "name": "Require(3) node_modules/egg-security/config/config.default.js",
    "start": 1629542420967,
    "end": 1629542420967,
    "duration": 0,
    "pid": 33816,
    "index": 6
  },
  {
    "name": "Require(4) node_modules/egg-jsonp/config/config.default.js",
    "start": 1629542420968,
    "end": 1629542420968,
    "duration": 0,
    "pid": 33816,
    "index": 7
  },
  {
    "name": "Require(5) node_modules/egg-onerror/config/config.default.js",
    "start": 1629542420968,
    "end": 1629542420968,
    "duration": 0,
    "pid": 33816,
    "index": 8
  },
  {
    "name": "Require(6) node_modules/egg-i18n/config/config.default.js",
    "start": 1629542420968,
    "end": 1629542420968,
    "duration": 0,
    "pid": 33816,
    "index": 9
  },
  {
    "name": "Require(7) node_modules/egg-watcher/config/config.default.js",
    "start": 1629542420969,
    "end": 1629542420969,
    "duration": 0,
    "pid": 33816,
    "index": 10
  },
  {
    "name": "Require(8) node_modules/egg-schedule/config/config.default.js",
    "start": 1629542420969,
    "end": 1629542420969,
    "duration": 0,
    "pid": 33816,
    "index": 11
  },
  {
    "name": "Require(9) node_modules/egg-multipart/config/config.default.js",
    "start": 1629542420969,
    "end": 1629542420970,
    "duration": 1,
    "pid": 33816,
    "index": 12
  },
  {
    "name": "Require(10) node_modules/egg-development/config/config.default.js",
    "start": 1629542420970,
    "end": 1629542420970,
    "duration": 0,
    "pid": 33816,
    "index": 13
  },
  {
    "name": "Require(11) node_modules/egg-logrotator/config/config.default.js",
    "start": 1629542420970,
    "end": 1629542420971,
    "duration": 1,
    "pid": 33816,
    "index": 14
  },
  {
    "name": "Require(12) node_modules/egg-static/config/config.default.js",
    "start": 1629542420971,
    "end": 1629542420971,
    "duration": 0,
    "pid": 33816,
    "index": 15
  },
  {
    "name": "Require(13) node_modules/egg-view/config/config.default.js",
    "start": 1629542420971,
    "end": 1629542420971,
    "duration": 0,
    "pid": 33816,
    "index": 16
  },
  {
    "name": "Require(14) node_modules/egg-cors/config/config.default.js",
    "start": 1629542420971,
    "end": 1629542420972,
    "duration": 1,
    "pid": 33816,
    "index": 17
  },
  {
    "name": "Require(15) node_modules/egg-mysql/config/config.default.js",
    "start": 1629542420972,
    "end": 1629542420973,
    "duration": 1,
    "pid": 33816,
    "index": 18
  },
  {
    "name": "Require(16) node_modules/egg-redis/config/config.default.js",
    "start": 1629542420973,
    "end": 1629542420973,
    "duration": 0,
    "pid": 33816,
    "index": 19
  },
  {
    "name": "Require(17) node_modules/egg/config/config.default.js",
    "start": 1629542420973,
    "end": 1629542420973,
    "duration": 0,
    "pid": 33816,
    "index": 20
  },
  {
    "name": "Require(18) config/config.default.js",
    "start": 1629542420975,
    "end": 1629542420975,
    "duration": 0,
    "pid": 33816,
    "index": 21
  },
  {
    "name": "Require(19) node_modules/egg-security/config/config.local.js",
    "start": 1629542420975,
    "end": 1629542420975,
    "duration": 0,
    "pid": 33816,
    "index": 22
  },
  {
    "name": "Require(20) node_modules/egg-watcher/config/config.local.js",
    "start": 1629542420976,
    "end": 1629542420976,
    "duration": 0,
    "pid": 33816,
    "index": 23
  },
  {
    "name": "Require(21) node_modules/egg-view/config/config.local.js",
    "start": 1629542420976,
    "end": 1629542420976,
    "duration": 0,
    "pid": 33816,
    "index": 24
  },
  {
    "name": "Require(22) node_modules/egg/config/config.local.js",
    "start": 1629542420976,
    "end": 1629542420977,
    "duration": 1,
    "pid": 33816,
    "index": 25
  },
  {
    "name": "Require(23) config/config.local.js",
    "start": 1629542420977,
    "end": 1629542420977,
    "duration": 0,
    "pid": 33816,
    "index": 26
  },
  {
    "name": "Load extend/application.js",
    "start": 1629542420978,
    "end": 1629542420985,
    "duration": 7,
    "pid": 33816,
    "index": 27
  },
  {
    "name": "Require(24) node_modules/egg-session/app/extend/application.js",
    "start": 1629542420978,
    "end": 1629542420979,
    "duration": 1,
    "pid": 33816,
    "index": 28
  },
  {
    "name": "Require(25) node_modules/egg-security/app/extend/application.js",
    "start": 1629542420979,
    "end": 1629542420980,
    "duration": 1,
    "pid": 33816,
    "index": 29
  },
  {
    "name": "Require(26) node_modules/egg-jsonp/app/extend/application.js",
    "start": 1629542420980,
    "end": 1629542420981,
    "duration": 1,
    "pid": 33816,
    "index": 30
  },
  {
    "name": "Require(27) node_modules/egg-logrotator/app/extend/application.js",
    "start": 1629542420982,
    "end": 1629542420983,
    "duration": 1,
    "pid": 33816,
    "index": 31
  },
  {
    "name": "Require(28) node_modules/egg-view/app/extend/application.js",
    "start": 1629542420983,
    "end": 1629542420984,
    "duration": 1,
    "pid": 33816,
    "index": 32
  },
  {
    "name": "Load extend/request.js",
    "start": 1629542420985,
    "end": 1629542420987,
    "duration": 2,
    "pid": 33816,
    "index": 33
  },
  {
    "name": "Require(29) node_modules/egg/app/extend/request.js",
    "start": 1629542420985,
    "end": 1629542420986,
    "duration": 1,
    "pid": 33816,
    "index": 34
  },
  {
    "name": "Load extend/response.js",
    "start": 1629542420987,
    "end": 1629542420991,
    "duration": 4,
    "pid": 33816,
    "index": 35
  },
  {
    "name": "Require(30) node_modules/egg/app/extend/response.js",
    "start": 1629542420989,
    "end": 1629542420991,
    "duration": 2,
    "pid": 33816,
    "index": 36
  },
  {
    "name": "Load extend/context.js",
    "start": 1629542420991,
    "end": 1629542421046,
    "duration": 55,
    "pid": 33816,
    "index": 37
  },
  {
    "name": "Require(31) node_modules/egg-security/app/extend/context.js",
    "start": 1629542420992,
    "end": 1629542421002,
    "duration": 10,
    "pid": 33816,
    "index": 38
  },
  {
    "name": "Require(32) node_modules/egg-jsonp/app/extend/context.js",
    "start": 1629542421003,
    "end": 1629542421004,
    "duration": 1,
    "pid": 33816,
    "index": 39
  },
  {
    "name": "Require(33) node_modules/egg-i18n/app/extend/context.js",
    "start": 1629542421004,
    "end": 1629542421005,
    "duration": 1,
    "pid": 33816,
    "index": 40
  },
  {
    "name": "Require(34) node_modules/egg-multipart/app/extend/context.js",
    "start": 1629542421005,
    "end": 1629542421043,
    "duration": 38,
    "pid": 33816,
    "index": 41
  },
  {
    "name": "Require(35) node_modules/egg-view/app/extend/context.js",
    "start": 1629542421043,
    "end": 1629542421044,
    "duration": 1,
    "pid": 33816,
    "index": 42
  },
  {
    "name": "Require(36) node_modules/egg/app/extend/context.js",
    "start": 1629542421045,
    "end": 1629542421046,
    "duration": 1,
    "pid": 33816,
    "index": 43
  },
  {
    "name": "Load extend/helper.js",
    "start": 1629542421047,
    "end": 1629542421133,
    "duration": 86,
    "pid": 33816,
    "index": 44
  },
  {
    "name": "Require(37) node_modules/egg-security/app/extend/helper.js",
    "start": 1629542421047,
    "end": 1629542421061,
    "duration": 14,
    "pid": 33816,
    "index": 45
  },
  {
    "name": "Require(38) node_modules/egg/app/extend/helper.js",
    "start": 1629542421062,
    "end": 1629542421063,
    "duration": 1,
    "pid": 33816,
    "index": 46
  },
  {
    "name": "Require(39) app/extend/helper.js",
    "start": 1629542421063,
    "end": 1629542421132,
    "duration": 69,
    "pid": 33816,
    "index": 47
  },
  {
    "name": "Load app.js",
    "start": 1629542421133,
    "end": 1629542421175,
    "duration": 42,
    "pid": 33816,
    "index": 48
  },
  {
    "name": "Require(40) node_modules/egg-session/app.js",
    "start": 1629542421133,
    "end": 1629542421134,
    "duration": 1,
    "pid": 33816,
    "index": 49
  },
  {
    "name": "Require(41) node_modules/egg-security/app.js",
    "start": 1629542421134,
    "end": 1629542421135,
    "duration": 1,
    "pid": 33816,
    "index": 50
  },
  {
    "name": "Require(42) node_modules/egg-onerror/app.js",
    "start": 1629542421135,
    "end": 1629542421143,
    "duration": 8,
    "pid": 33816,
    "index": 51
  },
  {
    "name": "Require(43) node_modules/egg-i18n/app.js",
    "start": 1629542421143,
    "end": 1629542421152,
    "duration": 9,
    "pid": 33816,
    "index": 52
  },
  {
    "name": "Require(44) node_modules/egg-watcher/app.js",
    "start": 1629542421152,
    "end": 1629542421155,
    "duration": 3,
    "pid": 33816,
    "index": 53
  },
  {
    "name": "Require(45) node_modules/egg-schedule/app.js",
    "start": 1629542421155,
    "end": 1629542421156,
    "duration": 1,
    "pid": 33816,
    "index": 54
  },
  {
    "name": "Require(46) node_modules/egg-multipart/app.js",
    "start": 1629542421156,
    "end": 1629542421157,
    "duration": 1,
    "pid": 33816,
    "index": 55
  },
  {
    "name": "Require(47) node_modules/egg-development/app.js",
    "start": 1629542421157,
    "end": 1629542421157,
    "duration": 0,
    "pid": 33816,
    "index": 56
  },
  {
    "name": "Require(48) node_modules/egg-logrotator/app.js",
    "start": 1629542421157,
    "end": 1629542421158,
    "duration": 1,
    "pid": 33816,
    "index": 57
  },
  {
    "name": "Require(49) node_modules/egg-static/app.js",
    "start": 1629542421158,
    "end": 1629542421158,
    "duration": 0,
    "pid": 33816,
    "index": 58
  },
  {
    "name": "Require(50) node_modules/egg-cors/app.js",
    "start": 1629542421159,
    "end": 1629542421159,
    "duration": 0,
    "pid": 33816,
    "index": 59
  },
  {
    "name": "Require(51) node_modules/egg-mysql/app.js",
    "start": 1629542421159,
    "end": 1629542421174,
    "duration": 15,
    "pid": 33816,
    "index": 60
  },
  {
    "name": "Require(52) node_modules/egg-redis/app.js",
    "start": 1629542421174,
    "end": 1629542421175,
    "duration": 1,
    "pid": 33816,
    "index": 61
  },
  {
    "name": "Before Start in node_modules/egg-watcher/lib/init.js:15:14",
    "start": 1629542421183,
    "end": 1629542421463,
    "duration": 280,
    "pid": 33816,
    "index": 62
  },
  {
    "name": "Before Start in node_modules/egg-mysql/lib/mysql.js:20:7",
    "start": 1629542421257,
    "end": 1629542421467,
    "duration": 210,
    "pid": 33816,
    "index": 63
  },
  {
    "name": "Before Start in node_modules/egg-redis/lib/redis.js:53:7",
    "start": 1629542421305,
    "end": 1629542421460,
    "duration": 155,
    "pid": 33816,
    "index": 64
  },
  {
    "name": "Load Service",
    "start": 1629542421306,
    "end": 1629542421327,
    "duration": 21,
    "pid": 33816,
    "index": 65
  },
  {
    "name": "Load \"service\" to Context",
    "start": 1629542421306,
    "end": 1629542421327,
    "duration": 21,
    "pid": 33816,
    "index": 66
  },
  {
    "name": "Load Middleware",
    "start": 1629542421327,
    "end": 1629542421393,
    "duration": 66,
    "pid": 33816,
    "index": 67
  },
  {
    "name": "Load \"middlewares\" to Application",
    "start": 1629542421327,
    "end": 1629542421385,
    "duration": 58,
    "pid": 33816,
    "index": 68
  },
  {
    "name": "Load Controller",
    "start": 1629542421393,
    "end": 1629542421434,
    "duration": 41,
    "pid": 33816,
    "index": 69
  },
  {
    "name": "Load \"controller\" to Application",
    "start": 1629542421393,
    "end": 1629542421434,
    "duration": 41,
    "pid": 33816,
    "index": 70
  },
  {
    "name": "Load Router",
    "start": 1629542421434,
    "end": 1629542421440,
    "duration": 6,
    "pid": 33816,
    "index": 71
  },
  {
    "name": "Require(53) app/router.js",
    "start": 1629542421434,
    "end": 1629542421435,
    "duration": 1,
    "pid": 33816,
    "index": 72
  },
  {
    "name": "Before Start in node_modules/egg-core/lib/egg.js:303:10",
    "start": 1629542421435,
    "end": 1629542421452,
    "duration": 17,
    "pid": 33816,
    "index": 73
  }
]