[
  {
    "name": "Application Start",
    "start": 1629543399715,
    "end": 1629543400292,
    "duration": 577,
    "pid": 34167,
    "index": 0
  },
  {
    "name": "Load Plugin",
    "start": 1629543399721,
    "end": 1629543399732,
    "duration": 11,
    "pid": 34167,
    "index": 1
  },
  {
    "name": "Load Config",
    "start": 1629543399732,
    "end": 1629543399746,
    "duration": 14,
    "pid": 34167,
    "index": 2
  },
  {
    "name": "Require(0) config/config.default.js",
    "start": 1629543399733,
    "end": 1629543399733,
    "duration": 0,
    "pid": 34167,
    "index": 3
  },
  {
    "name": "Require(1) config/config.local.js",
    "start": 1629543399734,
    "end": 1629543399734,
    "duration": 0,
    "pid": 34167,
    "index": 4
  },
  {
    "name": "Require(2) node_modules/egg-session/config/config.default.js",
    "start": 1629543399734,
    "end": 1629543399735,
    "duration": 1,
    "pid": 34167,
    "index": 5
  },
  {
    "name": "Require(3) node_modules/egg-security/config/config.default.js",
    "start": 1629543399735,
    "end": 1629543399735,
    "duration": 0,
    "pid": 34167,
    "index": 6
  },
  {
    "name": "Require(4) node_modules/egg-jsonp/config/config.default.js",
    "start": 1629543399736,
    "end": 1629543399736,
    "duration": 0,
    "pid": 34167,
    "index": 7
  },
  {
    "name": "Require(5) node_modules/egg-onerror/config/config.default.js",
    "start": 1629543399736,
    "end": 1629543399736,
    "duration": 0,
    "pid": 34167,
    "index": 8
  },
  {
    "name": "Require(6) node_modules/egg-i18n/config/config.default.js",
    "start": 1629543399736,
    "end": 1629543399737,
    "duration": 1,
    "pid": 34167,
    "index": 9
  },
  {
    "name": "Require(7) node_modules/egg-watcher/config/config.default.js",
    "start": 1629543399737,
    "end": 1629543399737,
    "duration": 0,
    "pid": 34167,
    "index": 10
  },
  {
    "name": "Require(8) node_modules/egg-schedule/config/config.default.js",
    "start": 1629543399737,
    "end": 1629543399738,
    "duration": 1,
    "pid": 34167,
    "index": 11
  },
  {
    "name": "Require(9) node_modules/egg-multipart/config/config.default.js",
    "start": 1629543399738,
    "end": 1629543399738,
    "duration": 0,
    "pid": 34167,
    "index": 12
  },
  {
    "name": "Require(10) node_modules/egg-development/config/config.default.js",
    "start": 1629543399738,
    "end": 1629543399738,
    "duration": 0,
    "pid": 34167,
    "index": 13
  },
  {
    "name": "Require(11) node_modules/egg-logrotator/config/config.default.js",
    "start": 1629543399739,
    "end": 1629543399739,
    "duration": 0,
    "pid": 34167,
    "index": 14
  },
  {
    "name": "Require(12) node_modules/egg-static/config/config.default.js",
    "start": 1629543399739,
    "end": 1629543399739,
    "duration": 0,
    "pid": 34167,
    "index": 15
  },
  {
    "name": "Require(13) node_modules/egg-view/config/config.default.js",
    "start": 1629543399739,
    "end": 1629543399740,
    "duration": 1,
    "pid": 34167,
    "index": 16
  },
  {
    "name": "Require(14) node_modules/egg-cors/config/config.default.js",
    "start": 1629543399740,
    "end": 1629543399740,
    "duration": 0,
    "pid": 34167,
    "index": 17
  },
  {
    "name": "Require(15) node_modules/egg-mysql/config/config.default.js",
    "start": 1629543399740,
    "end": 1629543399740,
    "duration": 0,
    "pid": 34167,
    "index": 18
  },
  {
    "name": "Require(16) node_modules/egg-redis/config/config.default.js",
    "start": 1629543399740,
    "end": 1629543399741,
    "duration": 1,
    "pid": 34167,
    "index": 19
  },
  {
    "name": "Require(17) node_modules/egg/config/config.default.js",
    "start": 1629543399741,
    "end": 1629543399741,
    "duration": 0,
    "pid": 34167,
    "index": 20
  },
  {
    "name": "Require(18) config/config.default.js",
    "start": 1629543399742,
    "end": 1629543399742,
    "duration": 0,
    "pid": 34167,
    "index": 21
  },
  {
    "name": "Require(19) node_modules/egg-security/config/config.local.js",
    "start": 1629543399743,
    "end": 1629543399743,
    "duration": 0,
    "pid": 34167,
    "index": 22
  },
  {
    "name": "Require(20) node_modules/egg-watcher/config/config.local.js",
    "start": 1629543399744,
    "end": 1629543399744,
    "duration": 0,
    "pid": 34167,
    "index": 23
  },
  {
    "name": "Require(21) node_modules/egg-view/config/config.local.js",
    "start": 1629543399745,
    "end": 1629543399745,
    "duration": 0,
    "pid": 34167,
    "index": 24
  },
  {
    "name": "Require(22) node_modules/egg/config/config.local.js",
    "start": 1629543399745,
    "end": 1629543399745,
    "duration": 0,
    "pid": 34167,
    "index": 25
  },
  {
    "name": "Require(23) config/config.local.js",
    "start": 1629543399745,
    "end": 1629543399746,
    "duration": 1,
    "pid": 34167,
    "index": 26
  },
  {
    "name": "Load extend/application.js",
    "start": 1629543399746,
    "end": 1629543399755,
    "duration": 9,
    "pid": 34167,
    "index": 27
  },
  {
    "name": "Require(24) node_modules/egg-session/app/extend/application.js",
    "start": 1629543399747,
    "end": 1629543399748,
    "duration": 1,
    "pid": 34167,
    "index": 28
  },
  {
    "name": "Require(25) node_modules/egg-security/app/extend/application.js",
    "start": 1629543399748,
    "end": 1629543399749,
    "duration": 1,
    "pid": 34167,
    "index": 29
  },
  {
    "name": "Require(26) node_modules/egg-jsonp/app/extend/application.js",
    "start": 1629543399749,
    "end": 1629543399751,
    "duration": 2,
    "pid": 34167,
    "index": 30
  },
  {
    "name": "Require(27) node_modules/egg-logrotator/app/extend/application.js",
    "start": 1629543399751,
    "end": 1629543399752,
    "duration": 1,
    "pid": 34167,
    "index": 31
  },
  {
    "name": "Require(28) node_modules/egg-view/app/extend/application.js",
    "start": 1629543399752,
    "end": 1629543399754,
    "duration": 2,
    "pid": 34167,
    "index": 32
  },
  {
    "name": "Load extend/request.js",
    "start": 1629543399755,
    "end": 1629543399757,
    "duration": 2,
    "pid": 34167,
    "index": 33
  },
  {
    "name": "Require(29) node_modules/egg/app/extend/request.js",
    "start": 1629543399755,
    "end": 1629543399756,
    "duration": 1,
    "pid": 34167,
    "index": 34
  },
  {
    "name": "Load extend/response.js",
    "start": 1629543399757,
    "end": 1629543399761,
    "duration": 4,
    "pid": 34167,
    "index": 35
  },
  {
    "name": "Require(30) node_modules/egg/app/extend/response.js",
    "start": 1629543399759,
    "end": 1629543399760,
    "duration": 1,
    "pid": 34167,
    "index": 36
  },
  {
    "name": "Load extend/context.js",
    "start": 1629543399761,
    "end": 1629543399831,
    "duration": 70,
    "pid": 34167,
    "index": 37
  },
  {
    "name": "Require(31) node_modules/egg-security/app/extend/context.js",
    "start": 1629543399761,
    "end": 1629543399775,
    "duration": 14,
    "pid": 34167,
    "index": 38
  },
  {
    "name": "Require(32) node_modules/egg-jsonp/app/extend/context.js",
    "start": 1629543399775,
    "end": 1629543399777,
    "duration": 2,
    "pid": 34167,
    "index": 39
  },
  {
    "name": "Require(33) node_modules/egg-i18n/app/extend/context.js",
    "start": 1629543399777,
    "end": 1629543399778,
    "duration": 1,
    "pid": 34167,
    "index": 40
  },
  {
    "name": "Require(34) node_modules/egg-multipart/app/extend/context.js",
    "start": 1629543399778,
    "end": 1629543399827,
    "duration": 49,
    "pid": 34167,
    "index": 41
  },
  {
    "name": "Require(35) node_modules/egg-view/app/extend/context.js",
    "start": 1629543399827,
    "end": 1629543399829,
    "duration": 2,
    "pid": 34167,
    "index": 42
  },
  {
    "name": "Require(36) node_modules/egg/app/extend/context.js",
    "start": 1629543399829,
    "end": 1629543399830,
    "duration": 1,
    "pid": 34167,
    "index": 43
  },
  {
    "name": "Load extend/helper.js",
    "start": 1629543399831,
    "end": 1629543399920,
    "duration": 89,
    "pid": 34167,
    "index": 44
  },
  {
    "name": "Require(37) node_modules/egg-security/app/extend/helper.js",
    "start": 1629543399832,
    "end": 1629543399849,
    "duration": 17,
    "pid": 34167,
    "index": 45
  },
  {
    "name": "Require(38) node_modules/egg/app/extend/helper.js",
    "start": 1629543399849,
    "end": 1629543399850,
    "duration": 1,
    "pid": 34167,
    "index": 46
  },
  {
    "name": "Require(39) app/extend/helper.js",
    "start": 1629543399850,
    "end": 1629543399920,
    "duration": 70,
    "pid": 34167,
    "index": 47
  },
  {
    "name": "Load app.js",
    "start": 1629543399921,
    "end": 1629543399965,
    "duration": 44,
    "pid": 34167,
    "index": 48
  },
  {
    "name": "Require(40) node_modules/egg-session/app.js",
    "start": 1629543399921,
    "end": 1629543399921,
    "duration": 0,
    "pid": 34167,
    "index": 49
  },
  {
    "name": "Require(41) node_modules/egg-security/app.js",
    "start": 1629543399921,
    "end": 1629543399922,
    "duration": 1,
    "pid": 34167,
    "index": 50
  },
  {
    "name": "Require(42) node_modules/egg-onerror/app.js",
    "start": 1629543399923,
    "end": 1629543399931,
    "duration": 8,
    "pid": 34167,
    "index": 51
  },
  {
    "name": "Require(43) node_modules/egg-i18n/app.js",
    "start": 1629543399931,
    "end": 1629543399940,
    "duration": 9,
    "pid": 34167,
    "index": 52
  },
  {
    "name": "Require(44) node_modules/egg-watcher/app.js",
    "start": 1629543399940,
    "end": 1629543399943,
    "duration": 3,
    "pid": 34167,
    "index": 53
  },
  {
    "name": "Require(45) node_modules/egg-schedule/app.js",
    "start": 1629543399943,
    "end": 1629543399944,
    "duration": 1,
    "pid": 34167,
    "index": 54
  },
  {
    "name": "Require(46) node_modules/egg-multipart/app.js",
    "start": 1629543399944,
    "end": 1629543399945,
    "duration": 1,
    "pid": 34167,
    "index": 55
  },
  {
    "name": "Require(47) node_modules/egg-development/app.js",
    "start": 1629543399945,
    "end": 1629543399945,
    "duration": 0,
    "pid": 34167,
    "index": 56
  },
  {
    "name": "Require(48) node_modules/egg-logrotator/app.js",
    "start": 1629543399945,
    "end": 1629543399946,
    "duration": 1,
    "pid": 34167,
    "index": 57
  },
  {
    "name": "Require(49) node_modules/egg-static/app.js",
    "start": 1629543399946,
    "end": 1629543399946,
    "duration": 0,
    "pid": 34167,
    "index": 58
  },
  {
    "name": "Require(50) node_modules/egg-cors/app.js",
    "start": 1629543399946,
    "end": 1629543399947,
    "duration": 1,
    "pid": 34167,
    "index": 59
  },
  {
    "name": "Require(51) node_modules/egg-mysql/app.js",
    "start": 1629543399947,
    "end": 1629543399963,
    "duration": 16,
    "pid": 34167,
    "index": 60
  },
  {
    "name": "Require(52) node_modules/egg-redis/app.js",
    "start": 1629543399963,
    "end": 1629543399964,
    "duration": 1,
    "pid": 34167,
    "index": 61
  },
  {
    "name": "Before Start in node_modules/egg-watcher/lib/init.js:15:14",
    "start": 1629543399972,
    "end": 1629543400285,
    "duration": 313,
    "pid": 34167,
    "index": 62
  },
  {
    "name": "Before Start in node_modules/egg-mysql/lib/mysql.js:20:7",
    "start": 1629543400056,
    "end": 1629543400292,
    "duration": 236,
    "pid": 34167,
    "index": 63
  },
  {
    "name": "Before Start in node_modules/egg-redis/lib/redis.js:53:7",
    "start": 1629543400107,
    "end": 1629543400286,
    "duration": 179,
    "pid": 34167,
    "index": 64
  },
  {
    "name": "Load Service",
    "start": 1629543400107,
    "end": 1629543400137,
    "duration": 30,
    "pid": 34167,
    "index": 65
  },
  {
    "name": "Load \"service\" to Context",
    "start": 1629543400107,
    "end": 1629543400137,
    "duration": 30,
    "pid": 34167,
    "index": 66
  },
  {
    "name": "Load Middleware",
    "start": 1629543400138,
    "end": 1629543400222,
    "duration": 84,
    "pid": 34167,
    "index": 67
  },
  {
    "name": "Load \"middlewares\" to Application",
    "start": 1629543400138,
    "end": 1629543400215,
    "duration": 77,
    "pid": 34167,
    "index": 68
  },
  {
    "name": "Load Controller",
    "start": 1629543400222,
    "end": 1629543400260,
    "duration": 38,
    "pid": 34167,
    "index": 69
  },
  {
    "name": "Load \"controller\" to Application",
    "start": 1629543400222,
    "end": 1629543400260,
    "duration": 38,
    "pid": 34167,
    "index": 70
  },
  {
    "name": "Load Router",
    "start": 1629543400260,
    "end": 1629543400265,
    "duration": 5,
    "pid": 34167,
    "index": 71
  },
  {
    "name": "Require(53) app/router.js",
    "start": 1629543400260,
    "end": 1629543400261,
    "duration": 1,
    "pid": 34167,
    "index": 72
  },
  {
    "name": "Before Start in node_modules/egg-core/lib/egg.js:303:10",
    "start": 1629543400261,
    "end": 1629543400275,
    "duration": 14,
    "pid": 34167,
    "index": 73
  }
]