[
  {
    "name": "Application Start",
    "start": 1629545406586,
    "end": 1629545407149,
    "duration": 563,
    "pid": 34643,
    "index": 0
  },
  {
    "name": "Load Plugin",
    "start": 1629545406593,
    "end": 1629545406608,
    "duration": 15,
    "pid": 34643,
    "index": 1
  },
  {
    "name": "Load Config",
    "start": 1629545406608,
    "end": 1629545406636,
    "duration": 28,
    "pid": 34643,
    "index": 2
  },
  {
    "name": "Require(0) config/config.default.js",
    "start": 1629545406608,
    "end": 1629545406609,
    "duration": 1,
    "pid": 34643,
    "index": 3
  },
  {
    "name": "Require(1) config/config.local.js",
    "start": 1629545406610,
    "end": 1629545406610,
    "duration": 0,
    "pid": 34643,
    "index": 4
  },
  {
    "name": "Require(2) node_modules/egg-session/config/config.default.js",
    "start": 1629545406611,
    "end": 1629545406611,
    "duration": 0,
    "pid": 34643,
    "index": 5
  },
  {
    "name": "Require(3) node_modules/egg-security/config/config.default.js",
    "start": 1629545406612,
    "end": 1629545406613,
    "duration": 1,
    "pid": 34643,
    "index": 6
  },
  {
    "name": "Require(4) node_modules/egg-jsonp/config/config.default.js",
    "start": 1629545406614,
    "end": 1629545406615,
    "duration": 1,
    "pid": 34643,
    "index": 7
  },
  {
    "name": "Require(5) node_modules/egg-onerror/config/config.default.js",
    "start": 1629545406615,
    "end": 1629545406616,
    "duration": 1,
    "pid": 34643,
    "index": 8
  },
  {
    "name": "Require(6) node_modules/egg-i18n/config/config.default.js",
    "start": 1629545406617,
    "end": 1629545406617,
    "duration": 0,
    "pid": 34643,
    "index": 9
  },
  {
    "name": "Require(7) node_modules/egg-watcher/config/config.default.js",
    "start": 1629545406618,
    "end": 1629545406619,
    "duration": 1,
    "pid": 34643,
    "index": 10
  },
  {
    "name": "Require(8) node_modules/egg-schedule/config/config.default.js",
    "start": 1629545406620,
    "end": 1629545406620,
    "duration": 0,
    "pid": 34643,
    "index": 11
  },
  {
    "name": "Require(9) node_modules/egg-multipart/config/config.default.js",
    "start": 1629545406621,
    "end": 1629545406622,
    "duration": 1,
    "pid": 34643,
    "index": 12
  },
  {
    "name": "Require(10) node_modules/egg-development/config/config.default.js",
    "start": 1629545406622,
    "end": 1629545406623,
    "duration": 1,
    "pid": 34643,
    "index": 13
  },
  {
    "name": "Require(11) node_modules/egg-logrotator/config/config.default.js",
    "start": 1629545406623,
    "end": 1629545406624,
    "duration": 1,
    "pid": 34643,
    "index": 14
  },
  {
    "name": "Require(12) node_modules/egg-static/config/config.default.js",
    "start": 1629545406625,
    "end": 1629545406625,
    "duration": 0,
    "pid": 34643,
    "index": 15
  },
  {
    "name": "Require(13) node_modules/egg-view/config/config.default.js",
    "start": 1629545406626,
    "end": 1629545406626,
    "duration": 0,
    "pid": 34643,
    "index": 16
  },
  {
    "name": "Require(14) node_modules/egg-cors/config/config.default.js",
    "start": 1629545406627,
    "end": 1629545406627,
    "duration": 0,
    "pid": 34643,
    "index": 17
  },
  {
    "name": "Require(15) node_modules/egg-mysql/config/config.default.js",
    "start": 1629545406628,
    "end": 1629545406628,
    "duration": 0,
    "pid": 34643,
    "index": 18
  },
  {
    "name": "Require(16) node_modules/egg-redis/config/config.default.js",
    "start": 1629545406629,
    "end": 1629545406630,
    "duration": 1,
    "pid": 34643,
    "index": 19
  },
  {
    "name": "Require(17) node_modules/egg/config/config.default.js",
    "start": 1629545406630,
    "end": 1629545406630,
    "duration": 0,
    "pid": 34643,
    "index": 20
  },
  {
    "name": "Require(18) config/config.default.js",
    "start": 1629545406632,
    "end": 1629545406632,
    "duration": 0,
    "pid": 34643,
    "index": 21
  },
  {
    "name": "Require(19) node_modules/egg-security/config/config.local.js",
    "start": 1629545406632,
    "end": 1629545406633,
    "duration": 1,
    "pid": 34643,
    "index": 22
  },
  {
    "name": "Require(20) node_modules/egg-watcher/config/config.local.js",
    "start": 1629545406633,
    "end": 1629545406634,
    "duration": 1,
    "pid": 34643,
    "index": 23
  },
  {
    "name": "Require(21) node_modules/egg-view/config/config.local.js",
    "start": 1629545406634,
    "end": 1629545406635,
    "duration": 1,
    "pid": 34643,
    "index": 24
  },
  {
    "name": "Require(22) node_modules/egg/config/config.local.js",
    "start": 1629545406635,
    "end": 1629545406636,
    "duration": 1,
    "pid": 34643,
    "index": 25
  },
  {
    "name": "Require(23) config/config.local.js",
    "start": 1629545406636,
    "end": 1629545406636,
    "duration": 0,
    "pid": 34643,
    "index": 26
  },
  {
    "name": "Load extend/application.js",
    "start": 1629545406637,
    "end": 1629545406646,
    "duration": 9,
    "pid": 34643,
    "index": 27
  },
  {
    "name": "Require(24) node_modules/egg-session/app/extend/application.js",
    "start": 1629545406637,
    "end": 1629545406638,
    "duration": 1,
    "pid": 34643,
    "index": 28
  },
  {
    "name": "Require(25) node_modules/egg-security/app/extend/application.js",
    "start": 1629545406638,
    "end": 1629545406640,
    "duration": 2,
    "pid": 34643,
    "index": 29
  },
  {
    "name": "Require(26) node_modules/egg-jsonp/app/extend/application.js",
    "start": 1629545406640,
    "end": 1629545406641,
    "duration": 1,
    "pid": 34643,
    "index": 30
  },
  {
    "name": "Require(27) node_modules/egg-logrotator/app/extend/application.js",
    "start": 1629545406642,
    "end": 1629545406643,
    "duration": 1,
    "pid": 34643,
    "index": 31
  },
  {
    "name": "Require(28) node_modules/egg-view/app/extend/application.js",
    "start": 1629545406644,
    "end": 1629545406645,
    "duration": 1,
    "pid": 34643,
    "index": 32
  },
  {
    "name": "Load extend/request.js",
    "start": 1629545406646,
    "end": 1629545406649,
    "duration": 3,
    "pid": 34643,
    "index": 33
  },
  {
    "name": "Require(29) node_modules/egg/app/extend/request.js",
    "start": 1629545406647,
    "end": 1629545406648,
    "duration": 1,
    "pid": 34643,
    "index": 34
  },
  {
    "name": "Load extend/response.js",
    "start": 1629545406649,
    "end": 1629545406653,
    "duration": 4,
    "pid": 34643,
    "index": 35
  },
  {
    "name": "Require(30) node_modules/egg/app/extend/response.js",
    "start": 1629545406651,
    "end": 1629545406652,
    "duration": 1,
    "pid": 34643,
    "index": 36
  },
  {
    "name": "Load extend/context.js",
    "start": 1629545406653,
    "end": 1629545406712,
    "duration": 59,
    "pid": 34643,
    "index": 37
  },
  {
    "name": "Require(31) node_modules/egg-security/app/extend/context.js",
    "start": 1629545406653,
    "end": 1629545406665,
    "duration": 12,
    "pid": 34643,
    "index": 38
  },
  {
    "name": "Require(32) node_modules/egg-jsonp/app/extend/context.js",
    "start": 1629545406665,
    "end": 1629545406667,
    "duration": 2,
    "pid": 34643,
    "index": 39
  },
  {
    "name": "Require(33) node_modules/egg-i18n/app/extend/context.js",
    "start": 1629545406667,
    "end": 1629545406668,
    "duration": 1,
    "pid": 34643,
    "index": 40
  },
  {
    "name": "Require(34) node_modules/egg-multipart/app/extend/context.js",
    "start": 1629545406668,
    "end": 1629545406709,
    "duration": 41,
    "pid": 34643,
    "index": 41
  },
  {
    "name": "Require(35) node_modules/egg-view/app/extend/context.js",
    "start": 1629545406709,
    "end": 1629545406710,
    "duration": 1,
    "pid": 34643,
    "index": 42
  },
  {
    "name": "Require(36) node_modules/egg/app/extend/context.js",
    "start": 1629545406711,
    "end": 1629545406711,
    "duration": 0,
    "pid": 34643,
    "index": 43
  },
  {
    "name": "Load extend/helper.js",
    "start": 1629545406712,
    "end": 1629545406810,
    "duration": 98,
    "pid": 34643,
    "index": 44
  },
  {
    "name": "Require(37) node_modules/egg-security/app/extend/helper.js",
    "start": 1629545406713,
    "end": 1629545406730,
    "duration": 17,
    "pid": 34643,
    "index": 45
  },
  {
    "name": "Require(38) node_modules/egg/app/extend/helper.js",
    "start": 1629545406731,
    "end": 1629545406732,
    "duration": 1,
    "pid": 34643,
    "index": 46
  },
  {
    "name": "Require(39) app/extend/helper.js",
    "start": 1629545406732,
    "end": 1629545406809,
    "duration": 77,
    "pid": 34643,
    "index": 47
  },
  {
    "name": "Load app.js",
    "start": 1629545406810,
    "end": 1629545406856,
    "duration": 46,
    "pid": 34643,
    "index": 48
  },
  {
    "name": "Require(40) node_modules/egg-session/app.js",
    "start": 1629545406811,
    "end": 1629545406811,
    "duration": 0,
    "pid": 34643,
    "index": 49
  },
  {
    "name": "Require(41) node_modules/egg-security/app.js",
    "start": 1629545406811,
    "end": 1629545406812,
    "duration": 1,
    "pid": 34643,
    "index": 50
  },
  {
    "name": "Require(42) node_modules/egg-onerror/app.js",
    "start": 1629545406812,
    "end": 1629545406820,
    "duration": 8,
    "pid": 34643,
    "index": 51
  },
  {
    "name": "Require(43) node_modules/egg-i18n/app.js",
    "start": 1629545406820,
    "end": 1629545406830,
    "duration": 10,
    "pid": 34643,
    "index": 52
  },
  {
    "name": "Require(44) node_modules/egg-watcher/app.js",
    "start": 1629545406830,
    "end": 1629545406833,
    "duration": 3,
    "pid": 34643,
    "index": 53
  },
  {
    "name": "Require(45) node_modules/egg-schedule/app.js",
    "start": 1629545406833,
    "end": 1629545406834,
    "duration": 1,
    "pid": 34643,
    "index": 54
  },
  {
    "name": "Require(46) node_modules/egg-multipart/app.js",
    "start": 1629545406834,
    "end": 1629545406835,
    "duration": 1,
    "pid": 34643,
    "index": 55
  },
  {
    "name": "Require(47) node_modules/egg-development/app.js",
    "start": 1629545406835,
    "end": 1629545406835,
    "duration": 0,
    "pid": 34643,
    "index": 56
  },
  {
    "name": "Require(48) node_modules/egg-logrotator/app.js",
    "start": 1629545406835,
    "end": 1629545406836,
    "duration": 1,
    "pid": 34643,
    "index": 57
  },
  {
    "name": "Require(49) node_modules/egg-static/app.js",
    "start": 1629545406836,
    "end": 1629545406836,
    "duration": 0,
    "pid": 34643,
    "index": 58
  },
  {
    "name": "Require(50) node_modules/egg-cors/app.js",
    "start": 1629545406837,
    "end": 1629545406837,
    "duration": 0,
    "pid": 34643,
    "index": 59
  },
  {
    "name": "Require(51) node_modules/egg-mysql/app.js",
    "start": 1629545406837,
    "end": 1629545406854,
    "duration": 17,
    "pid": 34643,
    "index": 60
  },
  {
    "name": "Require(52) node_modules/egg-redis/app.js",
    "start": 1629545406854,
    "end": 1629545406855,
    "duration": 1,
    "pid": 34643,
    "index": 61
  },
  {
    "name": "Before Start in node_modules/egg-watcher/lib/init.js:15:14",
    "start": 1629545406864,
    "end": 1629545407139,
    "duration": 275,
    "pid": 34643,
    "index": 62
  },
  {
    "name": "Before Start in node_modules/egg-mysql/lib/mysql.js:20:7",
    "start": 1629545406942,
    "end": 1629545407148,
    "duration": 206,
    "pid": 34643,
    "index": 63
  },
  {
    "name": "Before Start in node_modules/egg-redis/lib/redis.js:53:7",
    "start": 1629545406982,
    "end": 1629545407137,
    "duration": 155,
    "pid": 34643,
    "index": 64
  },
  {
    "name": "Load Service",
    "start": 1629545406982,
    "end": 1629545407002,
    "duration": 20,
    "pid": 34643,
    "index": 65
  },
  {
    "name": "Load \"service\" to Context",
    "start": 1629545406982,
    "end": 1629545407002,
    "duration": 20,
    "pid": 34643,
    "index": 66
  },
  {
    "name": "Load Middleware",
    "start": 1629545407003,
    "end": 1629545407073,
    "duration": 70,
    "pid": 34643,
    "index": 67
  },
  {
    "name": "Load \"middlewares\" to Application",
    "start": 1629545407003,
    "end": 1629545407064,
    "duration": 61,
    "pid": 34643,
    "index": 68
  },
  {
    "name": "Load Controller",
    "start": 1629545407073,
    "end": 1629545407113,
    "duration": 40,
    "pid": 34643,
    "index": 69
  },
  {
    "name": "Load \"controller\" to Application",
    "start": 1629545407074,
    "end": 1629545407113,
    "duration": 39,
    "pid": 34643,
    "index": 70
  },
  {
    "name": "Load Router",
    "start": 1629545407113,
    "end": 1629545407118,
    "duration": 5,
    "pid": 34643,
    "index": 71
  },
  {
    "name": "Require(53) app/router.js",
    "start": 1629545407113,
    "end": 1629545407114,
    "duration": 1,
    "pid": 34643,
    "index": 72
  },
  {
    "name": "Before Start in node_modules/egg-core/lib/egg.js:303:10",
    "start": 1629545407114,
    "end": 1629545407130,
    "duration": 16,
    "pid": 34643,
    "index": 73
  }
]