[
  {
    "name": "Application Start",
    "start": 1629545749684,
    "end": 1629545750255,
    "duration": 571,
    "pid": 34926,
    "index": 0
  },
  {
    "name": "Load Plugin",
    "start": 1629545749692,
    "end": 1629545749708,
    "duration": 16,
    "pid": 34926,
    "index": 1
  },
  {
    "name": "Load Config",
    "start": 1629545749708,
    "end": 1629545749736,
    "duration": 28,
    "pid": 34926,
    "index": 2
  },
  {
    "name": "Require(0) config/config.default.js",
    "start": 1629545749709,
    "end": 1629545749710,
    "duration": 1,
    "pid": 34926,
    "index": 3
  },
  {
    "name": "Require(1) config/config.local.js",
    "start": 1629545749711,
    "end": 1629545749711,
    "duration": 0,
    "pid": 34926,
    "index": 4
  },
  {
    "name": "Require(2) node_modules/egg-session/config/config.default.js",
    "start": 1629545749711,
    "end": 1629545749713,
    "duration": 2,
    "pid": 34926,
    "index": 5
  },
  {
    "name": "Require(3) node_modules/egg-security/config/config.default.js",
    "start": 1629545749713,
    "end": 1629545749714,
    "duration": 1,
    "pid": 34926,
    "index": 6
  },
  {
    "name": "Require(4) node_modules/egg-jsonp/config/config.default.js",
    "start": 1629545749714,
    "end": 1629545749715,
    "duration": 1,
    "pid": 34926,
    "index": 7
  },
  {
    "name": "Require(5) node_modules/egg-onerror/config/config.default.js",
    "start": 1629545749715,
    "end": 1629545749716,
    "duration": 1,
    "pid": 34926,
    "index": 8
  },
  {
    "name": "Require(6) node_modules/egg-i18n/config/config.default.js",
    "start": 1629545749716,
    "end": 1629545749718,
    "duration": 2,
    "pid": 34926,
    "index": 9
  },
  {
    "name": "Require(7) node_modules/egg-watcher/config/config.default.js",
    "start": 1629545749720,
    "end": 1629545749721,
    "duration": 1,
    "pid": 34926,
    "index": 10
  },
  {
    "name": "Require(8) node_modules/egg-schedule/config/config.default.js",
    "start": 1629545749721,
    "end": 1629545749722,
    "duration": 1,
    "pid": 34926,
    "index": 11
  },
  {
    "name": "Require(9) node_modules/egg-multipart/config/config.default.js",
    "start": 1629545749722,
    "end": 1629545749723,
    "duration": 1,
    "pid": 34926,
    "index": 12
  },
  {
    "name": "Require(10) node_modules/egg-development/config/config.default.js",
    "start": 1629545749724,
    "end": 1629545749724,
    "duration": 0,
    "pid": 34926,
    "index": 13
  },
  {
    "name": "Require(11) node_modules/egg-logrotator/config/config.default.js",
    "start": 1629545749724,
    "end": 1629545749725,
    "duration": 1,
    "pid": 34926,
    "index": 14
  },
  {
    "name": "Require(12) node_modules/egg-static/config/config.default.js",
    "start": 1629545749725,
    "end": 1629545749726,
    "duration": 1,
    "pid": 34926,
    "index": 15
  },
  {
    "name": "Require(13) node_modules/egg-view/config/config.default.js",
    "start": 1629545749726,
    "end": 1629545749727,
    "duration": 1,
    "pid": 34926,
    "index": 16
  },
  {
    "name": "Require(14) node_modules/egg-cors/config/config.default.js",
    "start": 1629545749727,
    "end": 1629545749727,
    "duration": 0,
    "pid": 34926,
    "index": 17
  },
  {
    "name": "Require(15) node_modules/egg-mysql/config/config.default.js",
    "start": 1629545749728,
    "end": 1629545749728,
    "duration": 0,
    "pid": 34926,
    "index": 18
  },
  {
    "name": "Require(16) node_modules/egg-redis/config/config.default.js",
    "start": 1629545749728,
    "end": 1629545749729,
    "duration": 1,
    "pid": 34926,
    "index": 19
  },
  {
    "name": "Require(17) node_modules/egg/config/config.default.js",
    "start": 1629545749729,
    "end": 1629545749730,
    "duration": 1,
    "pid": 34926,
    "index": 20
  },
  {
    "name": "Require(18) config/config.default.js",
    "start": 1629545749732,
    "end": 1629545749732,
    "duration": 0,
    "pid": 34926,
    "index": 21
  },
  {
    "name": "Require(19) node_modules/egg-security/config/config.local.js",
    "start": 1629545749732,
    "end": 1629545749733,
    "duration": 1,
    "pid": 34926,
    "index": 22
  },
  {
    "name": "Require(20) node_modules/egg-watcher/config/config.local.js",
    "start": 1629545749733,
    "end": 1629545749734,
    "duration": 1,
    "pid": 34926,
    "index": 23
  },
  {
    "name": "Require(21) node_modules/egg-view/config/config.local.js",
    "start": 1629545749734,
    "end": 1629545749735,
    "duration": 1,
    "pid": 34926,
    "index": 24
  },
  {
    "name": "Require(22) node_modules/egg/config/config.local.js",
    "start": 1629545749735,
    "end": 1629545749735,
    "duration": 0,
    "pid": 34926,
    "index": 25
  },
  {
    "name": "Require(23) config/config.local.js",
    "start": 1629545749735,
    "end": 1629545749735,
    "duration": 0,
    "pid": 34926,
    "index": 26
  },
  {
    "name": "Load extend/application.js",
    "start": 1629545749736,
    "end": 1629545749744,
    "duration": 8,
    "pid": 34926,
    "index": 27
  },
  {
    "name": "Require(24) node_modules/egg-session/app/extend/application.js",
    "start": 1629545749737,
    "end": 1629545749737,
    "duration": 0,
    "pid": 34926,
    "index": 28
  },
  {
    "name": "Require(25) node_modules/egg-security/app/extend/application.js",
    "start": 1629545749738,
    "end": 1629545749739,
    "duration": 1,
    "pid": 34926,
    "index": 29
  },
  {
    "name": "Require(26) node_modules/egg-jsonp/app/extend/application.js",
    "start": 1629545749739,
    "end": 1629545749740,
    "duration": 1,
    "pid": 34926,
    "index": 30
  },
  {
    "name": "Require(27) node_modules/egg-logrotator/app/extend/application.js",
    "start": 1629545749741,
    "end": 1629545749742,
    "duration": 1,
    "pid": 34926,
    "index": 31
  },
  {
    "name": "Require(28) node_modules/egg-view/app/extend/application.js",
    "start": 1629545749742,
    "end": 1629545749743,
    "duration": 1,
    "pid": 34926,
    "index": 32
  },
  {
    "name": "Load extend/request.js",
    "start": 1629545749744,
    "end": 1629545749748,
    "duration": 4,
    "pid": 34926,
    "index": 33
  },
  {
    "name": "Require(29) node_modules/egg/app/extend/request.js",
    "start": 1629545749745,
    "end": 1629545749747,
    "duration": 2,
    "pid": 34926,
    "index": 34
  },
  {
    "name": "Load extend/response.js",
    "start": 1629545749748,
    "end": 1629545749752,
    "duration": 4,
    "pid": 34926,
    "index": 35
  },
  {
    "name": "Require(30) node_modules/egg/app/extend/response.js",
    "start": 1629545749750,
    "end": 1629545749751,
    "duration": 1,
    "pid": 34926,
    "index": 36
  },
  {
    "name": "Load extend/context.js",
    "start": 1629545749752,
    "end": 1629545749810,
    "duration": 58,
    "pid": 34926,
    "index": 37
  },
  {
    "name": "Require(31) node_modules/egg-security/app/extend/context.js",
    "start": 1629545749752,
    "end": 1629545749763,
    "duration": 11,
    "pid": 34926,
    "index": 38
  },
  {
    "name": "Require(32) node_modules/egg-jsonp/app/extend/context.js",
    "start": 1629545749763,
    "end": 1629545749765,
    "duration": 2,
    "pid": 34926,
    "index": 39
  },
  {
    "name": "Require(33) node_modules/egg-i18n/app/extend/context.js",
    "start": 1629545749766,
    "end": 1629545749766,
    "duration": 0,
    "pid": 34926,
    "index": 40
  },
  {
    "name": "Require(34) node_modules/egg-multipart/app/extend/context.js",
    "start": 1629545749766,
    "end": 1629545749807,
    "duration": 41,
    "pid": 34926,
    "index": 41
  },
  {
    "name": "Require(35) node_modules/egg-view/app/extend/context.js",
    "start": 1629545749807,
    "end": 1629545749808,
    "duration": 1,
    "pid": 34926,
    "index": 42
  },
  {
    "name": "Require(36) node_modules/egg/app/extend/context.js",
    "start": 1629545749808,
    "end": 1629545749809,
    "duration": 1,
    "pid": 34926,
    "index": 43
  },
  {
    "name": "Load extend/helper.js",
    "start": 1629545749810,
    "end": 1629545749900,
    "duration": 90,
    "pid": 34926,
    "index": 44
  },
  {
    "name": "Require(37) node_modules/egg-security/app/extend/helper.js",
    "start": 1629545749810,
    "end": 1629545749825,
    "duration": 15,
    "pid": 34926,
    "index": 45
  },
  {
    "name": "Require(38) node_modules/egg/app/extend/helper.js",
    "start": 1629545749826,
    "end": 1629545749826,
    "duration": 0,
    "pid": 34926,
    "index": 46
  },
  {
    "name": "Require(39) app/extend/helper.js",
    "start": 1629545749827,
    "end": 1629545749899,
    "duration": 72,
    "pid": 34926,
    "index": 47
  },
  {
    "name": "Load app.js",
    "start": 1629545749900,
    "end": 1629545749958,
    "duration": 58,
    "pid": 34926,
    "index": 48
  },
  {
    "name": "Require(40) node_modules/egg-session/app.js",
    "start": 1629545749900,
    "end": 1629545749901,
    "duration": 1,
    "pid": 34926,
    "index": 49
  },
  {
    "name": "Require(41) node_modules/egg-security/app.js",
    "start": 1629545749901,
    "end": 1629545749902,
    "duration": 1,
    "pid": 34926,
    "index": 50
  },
  {
    "name": "Require(42) node_modules/egg-onerror/app.js",
    "start": 1629545749902,
    "end": 1629545749911,
    "duration": 9,
    "pid": 34926,
    "index": 51
  },
  {
    "name": "Require(43) node_modules/egg-i18n/app.js",
    "start": 1629545749911,
    "end": 1629545749921,
    "duration": 10,
    "pid": 34926,
    "index": 52
  },
  {
    "name": "Require(44) node_modules/egg-watcher/app.js",
    "start": 1629545749922,
    "end": 1629545749927,
    "duration": 5,
    "pid": 34926,
    "index": 53
  },
  {
    "name": "Require(45) node_modules/egg-schedule/app.js",
    "start": 1629545749928,
    "end": 1629545749930,
    "duration": 2,
    "pid": 34926,
    "index": 54
  },
  {
    "name": "Require(46) node_modules/egg-multipart/app.js",
    "start": 1629545749930,
    "end": 1629545749931,
    "duration": 1,
    "pid": 34926,
    "index": 55
  },
  {
    "name": "Require(47) node_modules/egg-development/app.js",
    "start": 1629545749931,
    "end": 1629545749931,
    "duration": 0,
    "pid": 34926,
    "index": 56
  },
  {
    "name": "Require(48) node_modules/egg-logrotator/app.js",
    "start": 1629545749931,
    "end": 1629545749933,
    "duration": 2,
    "pid": 34926,
    "index": 57
  },
  {
    "name": "Require(49) node_modules/egg-static/app.js",
    "start": 1629545749933,
    "end": 1629545749934,
    "duration": 1,
    "pid": 34926,
    "index": 58
  },
  {
    "name": "Require(50) node_modules/egg-cors/app.js",
    "start": 1629545749934,
    "end": 1629545749934,
    "duration": 0,
    "pid": 34926,
    "index": 59
  },
  {
    "name": "Require(51) node_modules/egg-mysql/app.js",
    "start": 1629545749934,
    "end": 1629545749956,
    "duration": 22,
    "pid": 34926,
    "index": 60
  },
  {
    "name": "Require(52) node_modules/egg-redis/app.js",
    "start": 1629545749956,
    "end": 1629545749957,
    "duration": 1,
    "pid": 34926,
    "index": 61
  },
  {
    "name": "Before Start in node_modules/egg-watcher/lib/init.js:15:14",
    "start": 1629545749969,
    "end": 1629545750237,
    "duration": 268,
    "pid": 34926,
    "index": 62
  },
  {
    "name": "Before Start in node_modules/egg-mysql/lib/mysql.js:20:7",
    "start": 1629545750051,
    "end": 1629545750255,
    "duration": 204,
    "pid": 34926,
    "index": 63
  },
  {
    "name": "Before Start in node_modules/egg-redis/lib/redis.js:53:7",
    "start": 1629545750096,
    "end": 1629545750235,
    "duration": 139,
    "pid": 34926,
    "index": 64
  },
  {
    "name": "Load Service",
    "start": 1629545750096,
    "end": 1629545750108,
    "duration": 12,
    "pid": 34926,
    "index": 65
  },
  {
    "name": "Load \"service\" to Context",
    "start": 1629545750096,
    "end": 1629545750108,
    "duration": 12,
    "pid": 34926,
    "index": 66
  },
  {
    "name": "Load Middleware",
    "start": 1629545750108,
    "end": 1629545750173,
    "duration": 65,
    "pid": 34926,
    "index": 67
  },
  {
    "name": "Load \"middlewares\" to Application",
    "start": 1629545750108,
    "end": 1629545750164,
    "duration": 56,
    "pid": 34926,
    "index": 68
  },
  {
    "name": "Load Controller",
    "start": 1629545750173,
    "end": 1629545750210,
    "duration": 37,
    "pid": 34926,
    "index": 69
  },
  {
    "name": "Load \"controller\" to Application",
    "start": 1629545750173,
    "end": 1629545750210,
    "duration": 37,
    "pid": 34926,
    "index": 70
  },
  {
    "name": "Load Router",
    "start": 1629545750210,
    "end": 1629545750217,
    "duration": 7,
    "pid": 34926,
    "index": 71
  },
  {
    "name": "Require(53) app/router.js",
    "start": 1629545750211,
    "end": 1629545750211,
    "duration": 0,
    "pid": 34926,
    "index": 72
  },
  {
    "name": "Before Start in node_modules/egg-core/lib/egg.js:303:10",
    "start": 1629545750211,
    "end": 1629545750228,
    "duration": 17,
    "pid": 34926,
    "index": 73
  }
]