[
  {
    "name": "Application Start",
    "start": 1629539819657,
    "end": 1629539820228,
    "duration": 571,
    "pid": 32993,
    "index": 0
  },
  {
    "name": "Load Plugin",
    "start": 1629539819660,
    "end": 1629539819666,
    "duration": 6,
    "pid": 32993,
    "index": 1
  },
  {
    "name": "Load Config",
    "start": 1629539819666,
    "end": 1629539819679,
    "duration": 13,
    "pid": 32993,
    "index": 2
  },
  {
    "name": "Require(0) config/config.default.js",
    "start": 1629539819666,
    "end": 1629539819666,
    "duration": 0,
    "pid": 32993,
    "index": 3
  },
  {
    "name": "Require(1) config/config.local.js",
    "start": 1629539819667,
    "end": 1629539819667,
    "duration": 0,
    "pid": 32993,
    "index": 4
  },
  {
    "name": "Require(2) node_modules/egg-session/config/config.default.js",
    "start": 1629539819668,
    "end": 1629539819668,
    "duration": 0,
    "pid": 32993,
    "index": 5
  },
  {
    "name": "Require(3) node_modules/egg-security/config/config.default.js",
    "start": 1629539819668,
    "end": 1629539819668,
    "duration": 0,
    "pid": 32993,
    "index": 6
  },
  {
    "name": "Require(4) node_modules/egg-jsonp/config/config.default.js",
    "start": 1629539819669,
    "end": 1629539819669,
    "duration": 0,
    "pid": 32993,
    "index": 7
  },
  {
    "name": "Require(5) node_modules/egg-onerror/config/config.default.js",
    "start": 1629539819669,
    "end": 1629539819669,
    "duration": 0,
    "pid": 32993,
    "index": 8
  },
  {
    "name": "Require(6) node_modules/egg-i18n/config/config.default.js",
    "start": 1629539819670,
    "end": 1629539819670,
    "duration": 0,
    "pid": 32993,
    "index": 9
  },
  {
    "name": "Require(7) node_modules/egg-watcher/config/config.default.js",
    "start": 1629539819670,
    "end": 1629539819670,
    "duration": 0,
    "pid": 32993,
    "index": 10
  },
  {
    "name": "Require(8) node_modules/egg-schedule/config/config.default.js",
    "start": 1629539819670,
    "end": 1629539819671,
    "duration": 1,
    "pid": 32993,
    "index": 11
  },
  {
    "name": "Require(9) node_modules/egg-multipart/config/config.default.js",
    "start": 1629539819671,
    "end": 1629539819671,
    "duration": 0,
    "pid": 32993,
    "index": 12
  },
  {
    "name": "Require(10) node_modules/egg-development/config/config.default.js",
    "start": 1629539819671,
    "end": 1629539819672,
    "duration": 1,
    "pid": 32993,
    "index": 13
  },
  {
    "name": "Require(11) node_modules/egg-logrotator/config/config.default.js",
    "start": 1629539819672,
    "end": 1629539819672,
    "duration": 0,
    "pid": 32993,
    "index": 14
  },
  {
    "name": "Require(12) node_modules/egg-static/config/config.default.js",
    "start": 1629539819672,
    "end": 1629539819672,
    "duration": 0,
    "pid": 32993,
    "index": 15
  },
  {
    "name": "Require(13) node_modules/egg-view/config/config.default.js",
    "start": 1629539819673,
    "end": 1629539819673,
    "duration": 0,
    "pid": 32993,
    "index": 16
  },
  {
    "name": "Require(14) node_modules/egg-cors/config/config.default.js",
    "start": 1629539819673,
    "end": 1629539819673,
    "duration": 0,
    "pid": 32993,
    "index": 17
  },
  {
    "name": "Require(15) node_modules/egg-mysql/config/config.default.js",
    "start": 1629539819673,
    "end": 1629539819674,
    "duration": 1,
    "pid": 32993,
    "index": 18
  },
  {
    "name": "Require(16) node_modules/egg-redis/config/config.default.js",
    "start": 1629539819674,
    "end": 1629539819674,
    "duration": 0,
    "pid": 32993,
    "index": 19
  },
  {
    "name": "Require(17) node_modules/egg/config/config.default.js",
    "start": 1629539819674,
    "end": 1629539819674,
    "duration": 0,
    "pid": 32993,
    "index": 20
  },
  {
    "name": "Require(18) config/config.default.js",
    "start": 1629539819676,
    "end": 1629539819676,
    "duration": 0,
    "pid": 32993,
    "index": 21
  },
  {
    "name": "Require(19) node_modules/egg-security/config/config.local.js",
    "start": 1629539819676,
    "end": 1629539819676,
    "duration": 0,
    "pid": 32993,
    "index": 22
  },
  {
    "name": "Require(20) node_modules/egg-watcher/config/config.local.js",
    "start": 1629539819677,
    "end": 1629539819677,
    "duration": 0,
    "pid": 32993,
    "index": 23
  },
  {
    "name": "Require(21) node_modules/egg-view/config/config.local.js",
    "start": 1629539819678,
    "end": 1629539819678,
    "duration": 0,
    "pid": 32993,
    "index": 24
  },
  {
    "name": "Require(22) node_modules/egg/config/config.local.js",
    "start": 1629539819679,
    "end": 1629539819679,
    "duration": 0,
    "pid": 32993,
    "index": 25
  },
  {
    "name": "Require(23) config/config.local.js",
    "start": 1629539819679,
    "end": 1629539819679,
    "duration": 0,
    "pid": 32993,
    "index": 26
  },
  {
    "name": "Load extend/application.js",
    "start": 1629539819680,
    "end": 1629539819691,
    "duration": 11,
    "pid": 32993,
    "index": 27
  },
  {
    "name": "Require(24) node_modules/egg-session/app/extend/application.js",
    "start": 1629539819680,
    "end": 1629539819681,
    "duration": 1,
    "pid": 32993,
    "index": 28
  },
  {
    "name": "Require(25) node_modules/egg-security/app/extend/application.js",
    "start": 1629539819681,
    "end": 1629539819683,
    "duration": 2,
    "pid": 32993,
    "index": 29
  },
  {
    "name": "Require(26) node_modules/egg-jsonp/app/extend/application.js",
    "start": 1629539819683,
    "end": 1629539819685,
    "duration": 2,
    "pid": 32993,
    "index": 30
  },
  {
    "name": "Require(27) node_modules/egg-logrotator/app/extend/application.js",
    "start": 1629539819686,
    "end": 1629539819688,
    "duration": 2,
    "pid": 32993,
    "index": 31
  },
  {
    "name": "Require(28) node_modules/egg-view/app/extend/application.js",
    "start": 1629539819688,
    "end": 1629539819689,
    "duration": 1,
    "pid": 32993,
    "index": 32
  },
  {
    "name": "Load extend/request.js",
    "start": 1629539819691,
    "end": 1629539819695,
    "duration": 4,
    "pid": 32993,
    "index": 33
  },
  {
    "name": "Require(29) node_modules/egg/app/extend/request.js",
    "start": 1629539819693,
    "end": 1629539819694,
    "duration": 1,
    "pid": 32993,
    "index": 34
  },
  {
    "name": "Load extend/response.js",
    "start": 1629539819695,
    "end": 1629539819699,
    "duration": 4,
    "pid": 32993,
    "index": 35
  },
  {
    "name": "Require(30) node_modules/egg/app/extend/response.js",
    "start": 1629539819697,
    "end": 1629539819698,
    "duration": 1,
    "pid": 32993,
    "index": 36
  },
  {
    "name": "Load extend/context.js",
    "start": 1629539819699,
    "end": 1629539819762,
    "duration": 63,
    "pid": 32993,
    "index": 37
  },
  {
    "name": "Require(31) node_modules/egg-security/app/extend/context.js",
    "start": 1629539819700,
    "end": 1629539819712,
    "duration": 12,
    "pid": 32993,
    "index": 38
  },
  {
    "name": "Require(32) node_modules/egg-jsonp/app/extend/context.js",
    "start": 1629539819712,
    "end": 1629539819714,
    "duration": 2,
    "pid": 32993,
    "index": 39
  },
  {
    "name": "Require(33) node_modules/egg-i18n/app/extend/context.js",
    "start": 1629539819714,
    "end": 1629539819715,
    "duration": 1,
    "pid": 32993,
    "index": 40
  },
  {
    "name": "Require(34) node_modules/egg-multipart/app/extend/context.js",
    "start": 1629539819716,
    "end": 1629539819758,
    "duration": 42,
    "pid": 32993,
    "index": 41
  },
  {
    "name": "Require(35) node_modules/egg-view/app/extend/context.js",
    "start": 1629539819759,
    "end": 1629539819760,
    "duration": 1,
    "pid": 32993,
    "index": 42
  },
  {
    "name": "Require(36) node_modules/egg/app/extend/context.js",
    "start": 1629539819760,
    "end": 1629539819761,
    "duration": 1,
    "pid": 32993,
    "index": 43
  },
  {
    "name": "Load extend/helper.js",
    "start": 1629539819762,
    "end": 1629539819854,
    "duration": 92,
    "pid": 32993,
    "index": 44
  },
  {
    "name": "Require(37) node_modules/egg-security/app/extend/helper.js",
    "start": 1629539819762,
    "end": 1629539819777,
    "duration": 15,
    "pid": 32993,
    "index": 45
  },
  {
    "name": "Require(38) node_modules/egg/app/extend/helper.js",
    "start": 1629539819778,
    "end": 1629539819779,
    "duration": 1,
    "pid": 32993,
    "index": 46
  },
  {
    "name": "Require(39) app/extend/helper.js",
    "start": 1629539819779,
    "end": 1629539819853,
    "duration": 74,
    "pid": 32993,
    "index": 47
  },
  {
    "name": "Load app.js",
    "start": 1629539819854,
    "end": 1629539819897,
    "duration": 43,
    "pid": 32993,
    "index": 48
  },
  {
    "name": "Require(40) node_modules/egg-session/app.js",
    "start": 1629539819854,
    "end": 1629539819855,
    "duration": 1,
    "pid": 32993,
    "index": 49
  },
  {
    "name": "Require(41) node_modules/egg-security/app.js",
    "start": 1629539819855,
    "end": 1629539819856,
    "duration": 1,
    "pid": 32993,
    "index": 50
  },
  {
    "name": "Require(42) node_modules/egg-onerror/app.js",
    "start": 1629539819856,
    "end": 1629539819864,
    "duration": 8,
    "pid": 32993,
    "index": 51
  },
  {
    "name": "Require(43) node_modules/egg-i18n/app.js",
    "start": 1629539819864,
    "end": 1629539819873,
    "duration": 9,
    "pid": 32993,
    "index": 52
  },
  {
    "name": "Require(44) node_modules/egg-watcher/app.js",
    "start": 1629539819873,
    "end": 1629539819876,
    "duration": 3,
    "pid": 32993,
    "index": 53
  },
  {
    "name": "Require(45) node_modules/egg-schedule/app.js",
    "start": 1629539819876,
    "end": 1629539819877,
    "duration": 1,
    "pid": 32993,
    "index": 54
  },
  {
    "name": "Require(46) node_modules/egg-multipart/app.js",
    "start": 1629539819877,
    "end": 1629539819878,
    "duration": 1,
    "pid": 32993,
    "index": 55
  },
  {
    "name": "Require(47) node_modules/egg-development/app.js",
    "start": 1629539819878,
    "end": 1629539819878,
    "duration": 0,
    "pid": 32993,
    "index": 56
  },
  {
    "name": "Require(48) node_modules/egg-logrotator/app.js",
    "start": 1629539819878,
    "end": 1629539819879,
    "duration": 1,
    "pid": 32993,
    "index": 57
  },
  {
    "name": "Require(49) node_modules/egg-static/app.js",
    "start": 1629539819879,
    "end": 1629539819879,
    "duration": 0,
    "pid": 32993,
    "index": 58
  },
  {
    "name": "Require(50) node_modules/egg-cors/app.js",
    "start": 1629539819879,
    "end": 1629539819880,
    "duration": 1,
    "pid": 32993,
    "index": 59
  },
  {
    "name": "Require(51) node_modules/egg-mysql/app.js",
    "start": 1629539819880,
    "end": 1629539819895,
    "duration": 15,
    "pid": 32993,
    "index": 60
  },
  {
    "name": "Require(52) node_modules/egg-redis/app.js",
    "start": 1629539819895,
    "end": 1629539819896,
    "duration": 1,
    "pid": 32993,
    "index": 61
  },
  {
    "name": "Before Start in node_modules/egg-watcher/lib/init.js:15:14",
    "start": 1629539819908,
    "end": 1629539820214,
    "duration": 306,
    "pid": 32993,
    "index": 62
  },
  {
    "name": "Before Start in node_modules/egg-mysql/lib/mysql.js:20:7",
    "start": 1629539820011,
    "end": 1629539820228,
    "duration": 217,
    "pid": 32993,
    "index": 63
  },
  {
    "name": "Before Start in node_modules/egg-redis/lib/redis.js:53:7",
    "start": 1629539820058,
    "end": 1629539820212,
    "duration": 154,
    "pid": 32993,
    "index": 64
  },
  {
    "name": "Load Service",
    "start": 1629539820059,
    "end": 1629539820078,
    "duration": 19,
    "pid": 32993,
    "index": 65
  },
  {
    "name": "Load \"service\" to Context",
    "start": 1629539820059,
    "end": 1629539820078,
    "duration": 19,
    "pid": 32993,
    "index": 66
  },
  {
    "name": "Load Middleware",
    "start": 1629539820078,
    "end": 1629539820139,
    "duration": 61,
    "pid": 32993,
    "index": 67
  },
  {
    "name": "Load \"middlewares\" to Application",
    "start": 1629539820078,
    "end": 1629539820132,
    "duration": 54,
    "pid": 32993,
    "index": 68
  },
  {
    "name": "Load Controller",
    "start": 1629539820139,
    "end": 1629539820189,
    "duration": 50,
    "pid": 32993,
    "index": 69
  },
  {
    "name": "Load \"controller\" to Application",
    "start": 1629539820139,
    "end": 1629539820189,
    "duration": 50,
    "pid": 32993,
    "index": 70
  },
  {
    "name": "Load Router",
    "start": 1629539820189,
    "end": 1629539820195,
    "duration": 6,
    "pid": 32993,
    "index": 71
  },
  {
    "name": "Require(53) app/router.js",
    "start": 1629539820189,
    "end": 1629539820190,
    "duration": 1,
    "pid": 32993,
    "index": 72
  },
  {
    "name": "Before Start in node_modules/egg-core/lib/egg.js:303:10",
    "start": 1629539820190,
    "end": 1629539820206,
    "duration": 16,
    "pid": 32993,
    "index": 73
  }
]