[
  {
    "name": "Application Start",
    "start": 1629544496632,
    "end": 1629544496949,
    "duration": 317,
    "pid": 34299,
    "index": 0
  },
  {
    "name": "Load Plugin",
    "start": 1629544496635,
    "end": 1629544496641,
    "duration": 6,
    "pid": 34299,
    "index": 1
  },
  {
    "name": "Load Config",
    "start": 1629544496641,
    "end": 1629544496653,
    "duration": 12,
    "pid": 34299,
    "index": 2
  },
  {
    "name": "Require(0) config/config.default.js",
    "start": 1629544496642,
    "end": 1629544496642,
    "duration": 0,
    "pid": 34299,
    "index": 3
  },
  {
    "name": "Require(1) config/config.local.js",
    "start": 1629544496643,
    "end": 1629544496643,
    "duration": 0,
    "pid": 34299,
    "index": 4
  },
  {
    "name": "Require(2) node_modules/egg-session/config/config.default.js",
    "start": 1629544496643,
    "end": 1629544496643,
    "duration": 0,
    "pid": 34299,
    "index": 5
  },
  {
    "name": "Require(3) node_modules/egg-security/config/config.default.js",
    "start": 1629544496644,
    "end": 1629544496644,
    "duration": 0,
    "pid": 34299,
    "index": 6
  },
  {
    "name": "Require(4) node_modules/egg-jsonp/config/config.default.js",
    "start": 1629544496644,
    "end": 1629544496645,
    "duration": 1,
    "pid": 34299,
    "index": 7
  },
  {
    "name": "Require(5) node_modules/egg-onerror/config/config.default.js",
    "start": 1629544496645,
    "end": 1629544496645,
    "duration": 0,
    "pid": 34299,
    "index": 8
  },
  {
    "name": "Require(6) node_modules/egg-i18n/config/config.default.js",
    "start": 1629544496645,
    "end": 1629544496645,
    "duration": 0,
    "pid": 34299,
    "index": 9
  },
  {
    "name": "Require(7) node_modules/egg-watcher/config/config.default.js",
    "start": 1629544496646,
    "end": 1629544496646,
    "duration": 0,
    "pid": 34299,
    "index": 10
  },
  {
    "name": "Require(8) node_modules/egg-schedule/config/config.default.js",
    "start": 1629544496646,
    "end": 1629544496646,
    "duration": 0,
    "pid": 34299,
    "index": 11
  },
  {
    "name": "Require(9) node_modules/egg-multipart/config/config.default.js",
    "start": 1629544496646,
    "end": 1629544496647,
    "duration": 1,
    "pid": 34299,
    "index": 12
  },
  {
    "name": "Require(10) node_modules/egg-development/config/config.default.js",
    "start": 1629544496647,
    "end": 1629544496647,
    "duration": 0,
    "pid": 34299,
    "index": 13
  },
  {
    "name": "Require(11) node_modules/egg-logrotator/config/config.default.js",
    "start": 1629544496647,
    "end": 1629544496647,
    "duration": 0,
    "pid": 34299,
    "index": 14
  },
  {
    "name": "Require(12) node_modules/egg-static/config/config.default.js",
    "start": 1629544496648,
    "end": 1629544496648,
    "duration": 0,
    "pid": 34299,
    "index": 15
  },
  {
    "name": "Require(13) node_modules/egg-view/config/config.default.js",
    "start": 1629544496648,
    "end": 1629544496648,
    "duration": 0,
    "pid": 34299,
    "index": 16
  },
  {
    "name": "Require(14) node_modules/egg-cors/config/config.default.js",
    "start": 1629544496648,
    "end": 1629544496649,
    "duration": 1,
    "pid": 34299,
    "index": 17
  },
  {
    "name": "Require(15) node_modules/egg-mysql/config/config.default.js",
    "start": 1629544496649,
    "end": 1629544496649,
    "duration": 0,
    "pid": 34299,
    "index": 18
  },
  {
    "name": "Require(16) node_modules/egg-redis/config/config.default.js",
    "start": 1629544496649,
    "end": 1629544496649,
    "duration": 0,
    "pid": 34299,
    "index": 19
  },
  {
    "name": "Require(17) node_modules/egg/config/config.default.js",
    "start": 1629544496649,
    "end": 1629544496650,
    "duration": 1,
    "pid": 34299,
    "index": 20
  },
  {
    "name": "Require(18) config/config.default.js",
    "start": 1629544496651,
    "end": 1629544496651,
    "duration": 0,
    "pid": 34299,
    "index": 21
  },
  {
    "name": "Require(19) node_modules/egg-security/config/config.local.js",
    "start": 1629544496651,
    "end": 1629544496651,
    "duration": 0,
    "pid": 34299,
    "index": 22
  },
  {
    "name": "Require(20) node_modules/egg-watcher/config/config.local.js",
    "start": 1629544496651,
    "end": 1629544496651,
    "duration": 0,
    "pid": 34299,
    "index": 23
  },
  {
    "name": "Require(21) node_modules/egg-view/config/config.local.js",
    "start": 1629544496652,
    "end": 1629544496652,
    "duration": 0,
    "pid": 34299,
    "index": 24
  },
  {
    "name": "Require(22) node_modules/egg/config/config.local.js",
    "start": 1629544496652,
    "end": 1629544496652,
    "duration": 0,
    "pid": 34299,
    "index": 25
  },
  {
    "name": "Require(23) config/config.local.js",
    "start": 1629544496652,
    "end": 1629544496652,
    "duration": 0,
    "pid": 34299,
    "index": 26
  },
  {
    "name": "Load extend/application.js",
    "start": 1629544496653,
    "end": 1629544496658,
    "duration": 5,
    "pid": 34299,
    "index": 27
  },
  {
    "name": "Require(24) node_modules/egg-session/app/extend/application.js",
    "start": 1629544496654,
    "end": 1629544496654,
    "duration": 0,
    "pid": 34299,
    "index": 28
  },
  {
    "name": "Require(25) node_modules/egg-security/app/extend/application.js",
    "start": 1629544496654,
    "end": 1629544496655,
    "duration": 1,
    "pid": 34299,
    "index": 29
  },
  {
    "name": "Require(26) node_modules/egg-jsonp/app/extend/application.js",
    "start": 1629544496655,
    "end": 1629544496655,
    "duration": 0,
    "pid": 34299,
    "index": 30
  },
  {
    "name": "Require(27) node_modules/egg-logrotator/app/extend/application.js",
    "start": 1629544496656,
    "end": 1629544496656,
    "duration": 0,
    "pid": 34299,
    "index": 31
  },
  {
    "name": "Require(28) node_modules/egg-view/app/extend/application.js",
    "start": 1629544496656,
    "end": 1629544496657,
    "duration": 1,
    "pid": 34299,
    "index": 32
  },
  {
    "name": "Load extend/request.js",
    "start": 1629544496658,
    "end": 1629544496660,
    "duration": 2,
    "pid": 34299,
    "index": 33
  },
  {
    "name": "Require(29) node_modules/egg/app/extend/request.js",
    "start": 1629544496658,
    "end": 1629544496659,
    "duration": 1,
    "pid": 34299,
    "index": 34
  },
  {
    "name": "Load extend/response.js",
    "start": 1629544496660,
    "end": 1629544496663,
    "duration": 3,
    "pid": 34299,
    "index": 35
  },
  {
    "name": "Require(30) node_modules/egg/app/extend/response.js",
    "start": 1629544496661,
    "end": 1629544496662,
    "duration": 1,
    "pid": 34299,
    "index": 36
  },
  {
    "name": "Load extend/context.js",
    "start": 1629544496663,
    "end": 1629544496697,
    "duration": 34,
    "pid": 34299,
    "index": 37
  },
  {
    "name": "Require(31) node_modules/egg-security/app/extend/context.js",
    "start": 1629544496663,
    "end": 1629544496668,
    "duration": 5,
    "pid": 34299,
    "index": 38
  },
  {
    "name": "Require(32) node_modules/egg-jsonp/app/extend/context.js",
    "start": 1629544496668,
    "end": 1629544496669,
    "duration": 1,
    "pid": 34299,
    "index": 39
  },
  {
    "name": "Require(33) node_modules/egg-i18n/app/extend/context.js",
    "start": 1629544496669,
    "end": 1629544496669,
    "duration": 0,
    "pid": 34299,
    "index": 40
  },
  {
    "name": "Require(34) node_modules/egg-multipart/app/extend/context.js",
    "start": 1629544496669,
    "end": 1629544496695,
    "duration": 26,
    "pid": 34299,
    "index": 41
  },
  {
    "name": "Require(35) node_modules/egg-view/app/extend/context.js",
    "start": 1629544496695,
    "end": 1629544496696,
    "duration": 1,
    "pid": 34299,
    "index": 42
  },
  {
    "name": "Require(36) node_modules/egg/app/extend/context.js",
    "start": 1629544496696,
    "end": 1629544496696,
    "duration": 0,
    "pid": 34299,
    "index": 43
  },
  {
    "name": "Load extend/helper.js",
    "start": 1629544496697,
    "end": 1629544496745,
    "duration": 48,
    "pid": 34299,
    "index": 44
  },
  {
    "name": "Require(37) node_modules/egg-security/app/extend/helper.js",
    "start": 1629544496697,
    "end": 1629544496704,
    "duration": 7,
    "pid": 34299,
    "index": 45
  },
  {
    "name": "Require(38) node_modules/egg/app/extend/helper.js",
    "start": 1629544496705,
    "end": 1629544496705,
    "duration": 0,
    "pid": 34299,
    "index": 46
  },
  {
    "name": "Require(39) app/extend/helper.js",
    "start": 1629544496705,
    "end": 1629544496744,
    "duration": 39,
    "pid": 34299,
    "index": 47
  },
  {
    "name": "Load app.js",
    "start": 1629544496745,
    "end": 1629544496769,
    "duration": 24,
    "pid": 34299,
    "index": 48
  },
  {
    "name": "Require(40) node_modules/egg-session/app.js",
    "start": 1629544496747,
    "end": 1629544496747,
    "duration": 0,
    "pid": 34299,
    "index": 49
  },
  {
    "name": "Require(41) node_modules/egg-security/app.js",
    "start": 1629544496747,
    "end": 1629544496748,
    "duration": 1,
    "pid": 34299,
    "index": 50
  },
  {
    "name": "Require(42) node_modules/egg-onerror/app.js",
    "start": 1629544496748,
    "end": 1629544496751,
    "duration": 3,
    "pid": 34299,
    "index": 51
  },
  {
    "name": "Require(43) node_modules/egg-i18n/app.js",
    "start": 1629544496751,
    "end": 1629544496757,
    "duration": 6,
    "pid": 34299,
    "index": 52
  },
  {
    "name": "Require(44) node_modules/egg-watcher/app.js",
    "start": 1629544496757,
    "end": 1629544496758,
    "duration": 1,
    "pid": 34299,
    "index": 53
  },
  {
    "name": "Require(45) node_modules/egg-schedule/app.js",
    "start": 1629544496758,
    "end": 1629544496759,
    "duration": 1,
    "pid": 34299,
    "index": 54
  },
  {
    "name": "Require(46) node_modules/egg-multipart/app.js",
    "start": 1629544496759,
    "end": 1629544496759,
    "duration": 0,
    "pid": 34299,
    "index": 55
  },
  {
    "name": "Require(47) node_modules/egg-development/app.js",
    "start": 1629544496759,
    "end": 1629544496760,
    "duration": 1,
    "pid": 34299,
    "index": 56
  },
  {
    "name": "Require(48) node_modules/egg-logrotator/app.js",
    "start": 1629544496760,
    "end": 1629544496760,
    "duration": 0,
    "pid": 34299,
    "index": 57
  },
  {
    "name": "Require(49) node_modules/egg-static/app.js",
    "start": 1629544496760,
    "end": 1629544496760,
    "duration": 0,
    "pid": 34299,
    "index": 58
  },
  {
    "name": "Require(50) node_modules/egg-cors/app.js",
    "start": 1629544496760,
    "end": 1629544496760,
    "duration": 0,
    "pid": 34299,
    "index": 59
  },
  {
    "name": "Require(51) node_modules/egg-mysql/app.js",
    "start": 1629544496760,
    "end": 1629544496768,
    "duration": 8,
    "pid": 34299,
    "index": 60
  },
  {
    "name": "Require(52) node_modules/egg-redis/app.js",
    "start": 1629544496768,
    "end": 1629544496769,
    "duration": 1,
    "pid": 34299,
    "index": 61
  },
  {
    "name": "Before Start in node_modules/egg-watcher/lib/init.js:15:14",
    "start": 1629544496776,
    "end": 1629544496946,
    "duration": 170,
    "pid": 34299,
    "index": 62
  },
  {
    "name": "Before Start in node_modules/egg-mysql/lib/mysql.js:20:7",
    "start": 1629544496824,
    "end": 1629544496949,
    "duration": 125,
    "pid": 34299,
    "index": 63
  },
  {
    "name": "Before Start in node_modules/egg-redis/lib/redis.js:53:7",
    "start": 1629544496847,
    "end": 1629544496942,
    "duration": 95,
    "pid": 34299,
    "index": 64
  },
  {
    "name": "Load Service",
    "start": 1629544496847,
    "end": 1629544496857,
    "duration": 10,
    "pid": 34299,
    "index": 65
  },
  {
    "name": "Load \"service\" to Context",
    "start": 1629544496847,
    "end": 1629544496857,
    "duration": 10,
    "pid": 34299,
    "index": 66
  },
  {
    "name": "Load Middleware",
    "start": 1629544496857,
    "end": 1629544496894,
    "duration": 37,
    "pid": 34299,
    "index": 67
  },
  {
    "name": "Load \"middlewares\" to Application",
    "start": 1629544496857,
    "end": 1629544496888,
    "duration": 31,
    "pid": 34299,
    "index": 68
  },
  {
    "name": "Load Controller",
    "start": 1629544496894,
    "end": 1629544496919,
    "duration": 25,
    "pid": 34299,
    "index": 69
  },
  {
    "name": "Load \"controller\" to Application",
    "start": 1629544496894,
    "end": 1629544496919,
    "duration": 25,
    "pid": 34299,
    "index": 70
  },
  {
    "name": "Load Router",
    "start": 1629544496919,
    "end": 1629544496924,
    "duration": 5,
    "pid": 34299,
    "index": 71
  },
  {
    "name": "Require(53) app/router.js",
    "start": 1629544496919,
    "end": 1629544496919,
    "duration": 0,
    "pid": 34299,
    "index": 72
  },
  {
    "name": "Before Start in node_modules/egg-core/lib/egg.js:303:10",
    "start": 1629544496919,
    "end": 1629544496935,
    "duration": 16,
    "pid": 34299,
    "index": 73
  }
]