[
  {
    "name": "Application Start",
    "start": 1629545413443,
    "end": 1629545413971,
    "duration": 528,
    "pid": 34674,
    "index": 0
  },
  {
    "name": "Load Plugin",
    "start": 1629545413448,
    "end": 1629545413455,
    "duration": 7,
    "pid": 34674,
    "index": 1
  },
  {
    "name": "Load Config",
    "start": 1629545413455,
    "end": 1629545413475,
    "duration": 20,
    "pid": 34674,
    "index": 2
  },
  {
    "name": "Require(0) config/config.default.js",
    "start": 1629545413456,
    "end": 1629545413456,
    "duration": 0,
    "pid": 34674,
    "index": 3
  },
  {
    "name": "Require(1) config/config.local.js",
    "start": 1629545413457,
    "end": 1629545413457,
    "duration": 0,
    "pid": 34674,
    "index": 4
  },
  {
    "name": "Require(2) node_modules/egg-session/config/config.default.js",
    "start": 1629545413458,
    "end": 1629545413458,
    "duration": 0,
    "pid": 34674,
    "index": 5
  },
  {
    "name": "Require(3) node_modules/egg-security/config/config.default.js",
    "start": 1629545413458,
    "end": 1629545413459,
    "duration": 1,
    "pid": 34674,
    "index": 6
  },
  {
    "name": "Require(4) node_modules/egg-jsonp/config/config.default.js",
    "start": 1629545413459,
    "end": 1629545413460,
    "duration": 1,
    "pid": 34674,
    "index": 7
  },
  {
    "name": "Require(5) node_modules/egg-onerror/config/config.default.js",
    "start": 1629545413460,
    "end": 1629545413461,
    "duration": 1,
    "pid": 34674,
    "index": 8
  },
  {
    "name": "Require(6) node_modules/egg-i18n/config/config.default.js",
    "start": 1629545413461,
    "end": 1629545413462,
    "duration": 1,
    "pid": 34674,
    "index": 9
  },
  {
    "name": "Require(7) node_modules/egg-watcher/config/config.default.js",
    "start": 1629545413462,
    "end": 1629545413463,
    "duration": 1,
    "pid": 34674,
    "index": 10
  },
  {
    "name": "Require(8) node_modules/egg-schedule/config/config.default.js",
    "start": 1629545413463,
    "end": 1629545413464,
    "duration": 1,
    "pid": 34674,
    "index": 11
  },
  {
    "name": "Require(9) node_modules/egg-multipart/config/config.default.js",
    "start": 1629545413464,
    "end": 1629545413465,
    "duration": 1,
    "pid": 34674,
    "index": 12
  },
  {
    "name": "Require(10) node_modules/egg-development/config/config.default.js",
    "start": 1629545413465,
    "end": 1629545413466,
    "duration": 1,
    "pid": 34674,
    "index": 13
  },
  {
    "name": "Require(11) node_modules/egg-logrotator/config/config.default.js",
    "start": 1629545413466,
    "end": 1629545413467,
    "duration": 1,
    "pid": 34674,
    "index": 14
  },
  {
    "name": "Require(12) node_modules/egg-static/config/config.default.js",
    "start": 1629545413467,
    "end": 1629545413467,
    "duration": 0,
    "pid": 34674,
    "index": 15
  },
  {
    "name": "Require(13) node_modules/egg-view/config/config.default.js",
    "start": 1629545413468,
    "end": 1629545413469,
    "duration": 1,
    "pid": 34674,
    "index": 16
  },
  {
    "name": "Require(14) node_modules/egg-cors/config/config.default.js",
    "start": 1629545413469,
    "end": 1629545413469,
    "duration": 0,
    "pid": 34674,
    "index": 17
  },
  {
    "name": "Require(15) node_modules/egg-mysql/config/config.default.js",
    "start": 1629545413469,
    "end": 1629545413470,
    "duration": 1,
    "pid": 34674,
    "index": 18
  },
  {
    "name": "Require(16) node_modules/egg-redis/config/config.default.js",
    "start": 1629545413470,
    "end": 1629545413470,
    "duration": 0,
    "pid": 34674,
    "index": 19
  },
  {
    "name": "Require(17) node_modules/egg/config/config.default.js",
    "start": 1629545413471,
    "end": 1629545413471,
    "duration": 0,
    "pid": 34674,
    "index": 20
  },
  {
    "name": "Require(18) config/config.default.js",
    "start": 1629545413472,
    "end": 1629545413472,
    "duration": 0,
    "pid": 34674,
    "index": 21
  },
  {
    "name": "Require(19) node_modules/egg-security/config/config.local.js",
    "start": 1629545413473,
    "end": 1629545413473,
    "duration": 0,
    "pid": 34674,
    "index": 22
  },
  {
    "name": "Require(20) node_modules/egg-watcher/config/config.local.js",
    "start": 1629545413473,
    "end": 1629545413474,
    "duration": 1,
    "pid": 34674,
    "index": 23
  },
  {
    "name": "Require(21) node_modules/egg-view/config/config.local.js",
    "start": 1629545413474,
    "end": 1629545413474,
    "duration": 0,
    "pid": 34674,
    "index": 24
  },
  {
    "name": "Require(22) node_modules/egg/config/config.local.js",
    "start": 1629545413475,
    "end": 1629545413475,
    "duration": 0,
    "pid": 34674,
    "index": 25
  },
  {
    "name": "Require(23) config/config.local.js",
    "start": 1629545413475,
    "end": 1629545413475,
    "duration": 0,
    "pid": 34674,
    "index": 26
  },
  {
    "name": "Load extend/application.js",
    "start": 1629545413476,
    "end": 1629545413484,
    "duration": 8,
    "pid": 34674,
    "index": 27
  },
  {
    "name": "Require(24) node_modules/egg-session/app/extend/application.js",
    "start": 1629545413476,
    "end": 1629545413477,
    "duration": 1,
    "pid": 34674,
    "index": 28
  },
  {
    "name": "Require(25) node_modules/egg-security/app/extend/application.js",
    "start": 1629545413477,
    "end": 1629545413479,
    "duration": 2,
    "pid": 34674,
    "index": 29
  },
  {
    "name": "Require(26) node_modules/egg-jsonp/app/extend/application.js",
    "start": 1629545413479,
    "end": 1629545413481,
    "duration": 2,
    "pid": 34674,
    "index": 30
  },
  {
    "name": "Require(27) node_modules/egg-logrotator/app/extend/application.js",
    "start": 1629545413481,
    "end": 1629545413482,
    "duration": 1,
    "pid": 34674,
    "index": 31
  },
  {
    "name": "Require(28) node_modules/egg-view/app/extend/application.js",
    "start": 1629545413482,
    "end": 1629545413483,
    "duration": 1,
    "pid": 34674,
    "index": 32
  },
  {
    "name": "Load extend/request.js",
    "start": 1629545413484,
    "end": 1629545413487,
    "duration": 3,
    "pid": 34674,
    "index": 33
  },
  {
    "name": "Require(29) node_modules/egg/app/extend/request.js",
    "start": 1629545413485,
    "end": 1629545413486,
    "duration": 1,
    "pid": 34674,
    "index": 34
  },
  {
    "name": "Load extend/response.js",
    "start": 1629545413487,
    "end": 1629545413491,
    "duration": 4,
    "pid": 34674,
    "index": 35
  },
  {
    "name": "Require(30) node_modules/egg/app/extend/response.js",
    "start": 1629545413489,
    "end": 1629545413490,
    "duration": 1,
    "pid": 34674,
    "index": 36
  },
  {
    "name": "Load extend/context.js",
    "start": 1629545413491,
    "end": 1629545413551,
    "duration": 60,
    "pid": 34674,
    "index": 37
  },
  {
    "name": "Require(31) node_modules/egg-security/app/extend/context.js",
    "start": 1629545413491,
    "end": 1629545413503,
    "duration": 12,
    "pid": 34674,
    "index": 38
  },
  {
    "name": "Require(32) node_modules/egg-jsonp/app/extend/context.js",
    "start": 1629545413503,
    "end": 1629545413505,
    "duration": 2,
    "pid": 34674,
    "index": 39
  },
  {
    "name": "Require(33) node_modules/egg-i18n/app/extend/context.js",
    "start": 1629545413505,
    "end": 1629545413505,
    "duration": 0,
    "pid": 34674,
    "index": 40
  },
  {
    "name": "Require(34) node_modules/egg-multipart/app/extend/context.js",
    "start": 1629545413506,
    "end": 1629545413547,
    "duration": 41,
    "pid": 34674,
    "index": 41
  },
  {
    "name": "Require(35) node_modules/egg-view/app/extend/context.js",
    "start": 1629545413547,
    "end": 1629545413549,
    "duration": 2,
    "pid": 34674,
    "index": 42
  },
  {
    "name": "Require(36) node_modules/egg/app/extend/context.js",
    "start": 1629545413549,
    "end": 1629545413550,
    "duration": 1,
    "pid": 34674,
    "index": 43
  },
  {
    "name": "Load extend/helper.js",
    "start": 1629545413551,
    "end": 1629545413640,
    "duration": 89,
    "pid": 34674,
    "index": 44
  },
  {
    "name": "Require(37) node_modules/egg-security/app/extend/helper.js",
    "start": 1629545413551,
    "end": 1629545413566,
    "duration": 15,
    "pid": 34674,
    "index": 45
  },
  {
    "name": "Require(38) node_modules/egg/app/extend/helper.js",
    "start": 1629545413567,
    "end": 1629545413568,
    "duration": 1,
    "pid": 34674,
    "index": 46
  },
  {
    "name": "Require(39) app/extend/helper.js",
    "start": 1629545413568,
    "end": 1629545413639,
    "duration": 71,
    "pid": 34674,
    "index": 47
  },
  {
    "name": "Load app.js",
    "start": 1629545413640,
    "end": 1629545413680,
    "duration": 40,
    "pid": 34674,
    "index": 48
  },
  {
    "name": "Require(40) node_modules/egg-session/app.js",
    "start": 1629545413640,
    "end": 1629545413640,
    "duration": 0,
    "pid": 34674,
    "index": 49
  },
  {
    "name": "Require(41) node_modules/egg-security/app.js",
    "start": 1629545413641,
    "end": 1629545413641,
    "duration": 0,
    "pid": 34674,
    "index": 50
  },
  {
    "name": "Require(42) node_modules/egg-onerror/app.js",
    "start": 1629545413642,
    "end": 1629545413649,
    "duration": 7,
    "pid": 34674,
    "index": 51
  },
  {
    "name": "Require(43) node_modules/egg-i18n/app.js",
    "start": 1629545413649,
    "end": 1629545413658,
    "duration": 9,
    "pid": 34674,
    "index": 52
  },
  {
    "name": "Require(44) node_modules/egg-watcher/app.js",
    "start": 1629545413659,
    "end": 1629545413661,
    "duration": 2,
    "pid": 34674,
    "index": 53
  },
  {
    "name": "Require(45) node_modules/egg-schedule/app.js",
    "start": 1629545413661,
    "end": 1629545413662,
    "duration": 1,
    "pid": 34674,
    "index": 54
  },
  {
    "name": "Require(46) node_modules/egg-multipart/app.js",
    "start": 1629545413662,
    "end": 1629545413662,
    "duration": 0,
    "pid": 34674,
    "index": 55
  },
  {
    "name": "Require(47) node_modules/egg-development/app.js",
    "start": 1629545413663,
    "end": 1629545413663,
    "duration": 0,
    "pid": 34674,
    "index": 56
  },
  {
    "name": "Require(48) node_modules/egg-logrotator/app.js",
    "start": 1629545413663,
    "end": 1629545413664,
    "duration": 1,
    "pid": 34674,
    "index": 57
  },
  {
    "name": "Require(49) node_modules/egg-static/app.js",
    "start": 1629545413664,
    "end": 1629545413664,
    "duration": 0,
    "pid": 34674,
    "index": 58
  },
  {
    "name": "Require(50) node_modules/egg-cors/app.js",
    "start": 1629545413664,
    "end": 1629545413665,
    "duration": 1,
    "pid": 34674,
    "index": 59
  },
  {
    "name": "Require(51) node_modules/egg-mysql/app.js",
    "start": 1629545413665,
    "end": 1629545413679,
    "duration": 14,
    "pid": 34674,
    "index": 60
  },
  {
    "name": "Require(52) node_modules/egg-redis/app.js",
    "start": 1629545413679,
    "end": 1629545413680,
    "duration": 1,
    "pid": 34674,
    "index": 61
  },
  {
    "name": "Before Start in node_modules/egg-watcher/lib/init.js:15:14",
    "start": 1629545413689,
    "end": 1629545413967,
    "duration": 278,
    "pid": 34674,
    "index": 62
  },
  {
    "name": "Before Start in node_modules/egg-mysql/lib/mysql.js:20:7",
    "start": 1629545413762,
    "end": 1629545413971,
    "duration": 209,
    "pid": 34674,
    "index": 63
  },
  {
    "name": "Before Start in node_modules/egg-redis/lib/redis.js:53:7",
    "start": 1629545413808,
    "end": 1629545413963,
    "duration": 155,
    "pid": 34674,
    "index": 64
  },
  {
    "name": "Load Service",
    "start": 1629545413808,
    "end": 1629545413826,
    "duration": 18,
    "pid": 34674,
    "index": 65
  },
  {
    "name": "Load \"service\" to Context",
    "start": 1629545413808,
    "end": 1629545413826,
    "duration": 18,
    "pid": 34674,
    "index": 66
  },
  {
    "name": "Load Middleware",
    "start": 1629545413826,
    "end": 1629545413896,
    "duration": 70,
    "pid": 34674,
    "index": 67
  },
  {
    "name": "Load \"middlewares\" to Application",
    "start": 1629545413827,
    "end": 1629545413888,
    "duration": 61,
    "pid": 34674,
    "index": 68
  },
  {
    "name": "Load Controller",
    "start": 1629545413896,
    "end": 1629545413938,
    "duration": 42,
    "pid": 34674,
    "index": 69
  },
  {
    "name": "Load \"controller\" to Application",
    "start": 1629545413896,
    "end": 1629545413938,
    "duration": 42,
    "pid": 34674,
    "index": 70
  },
  {
    "name": "Load Router",
    "start": 1629545413938,
    "end": 1629545413944,
    "duration": 6,
    "pid": 34674,
    "index": 71
  },
  {
    "name": "Require(53) app/router.js",
    "start": 1629545413938,
    "end": 1629545413939,
    "duration": 1,
    "pid": 34674,
    "index": 72
  },
  {
    "name": "Before Start in node_modules/egg-core/lib/egg.js:303:10",
    "start": 1629545413939,
    "end": 1629545413955,
    "duration": 16,
    "pid": 34674,
    "index": 73
  }
]