[
  {
    "name": "Application Start",
    "start": 1629542711431,
    "end": 1629542711967,
    "duration": 536,
    "pid": 33938,
    "index": 0
  },
  {
    "name": "Load Plugin",
    "start": 1629542711436,
    "end": 1629542711448,
    "duration": 12,
    "pid": 33938,
    "index": 1
  },
  {
    "name": "Load Config",
    "start": 1629542711448,
    "end": 1629542711462,
    "duration": 14,
    "pid": 33938,
    "index": 2
  },
  {
    "name": "Require(0) config/config.default.js",
    "start": 1629542711449,
    "end": 1629542711449,
    "duration": 0,
    "pid": 33938,
    "index": 3
  },
  {
    "name": "Require(1) config/config.local.js",
    "start": 1629542711450,
    "end": 1629542711450,
    "duration": 0,
    "pid": 33938,
    "index": 4
  },
  {
    "name": "Require(2) node_modules/egg-session/config/config.default.js",
    "start": 1629542711450,
    "end": 1629542711451,
    "duration": 1,
    "pid": 33938,
    "index": 5
  },
  {
    "name": "Require(3) node_modules/egg-security/config/config.default.js",
    "start": 1629542711451,
    "end": 1629542711451,
    "duration": 0,
    "pid": 33938,
    "index": 6
  },
  {
    "name": "Require(4) node_modules/egg-jsonp/config/config.default.js",
    "start": 1629542711452,
    "end": 1629542711452,
    "duration": 0,
    "pid": 33938,
    "index": 7
  },
  {
    "name": "Require(5) node_modules/egg-onerror/config/config.default.js",
    "start": 1629542711452,
    "end": 1629542711452,
    "duration": 0,
    "pid": 33938,
    "index": 8
  },
  {
    "name": "Require(6) node_modules/egg-i18n/config/config.default.js",
    "start": 1629542711452,
    "end": 1629542711453,
    "duration": 1,
    "pid": 33938,
    "index": 9
  },
  {
    "name": "Require(7) node_modules/egg-watcher/config/config.default.js",
    "start": 1629542711453,
    "end": 1629542711453,
    "duration": 0,
    "pid": 33938,
    "index": 10
  },
  {
    "name": "Require(8) node_modules/egg-schedule/config/config.default.js",
    "start": 1629542711453,
    "end": 1629542711453,
    "duration": 0,
    "pid": 33938,
    "index": 11
  },
  {
    "name": "Require(9) node_modules/egg-multipart/config/config.default.js",
    "start": 1629542711454,
    "end": 1629542711454,
    "duration": 0,
    "pid": 33938,
    "index": 12
  },
  {
    "name": "Require(10) node_modules/egg-development/config/config.default.js",
    "start": 1629542711454,
    "end": 1629542711454,
    "duration": 0,
    "pid": 33938,
    "index": 13
  },
  {
    "name": "Require(11) node_modules/egg-logrotator/config/config.default.js",
    "start": 1629542711455,
    "end": 1629542711455,
    "duration": 0,
    "pid": 33938,
    "index": 14
  },
  {
    "name": "Require(12) node_modules/egg-static/config/config.default.js",
    "start": 1629542711455,
    "end": 1629542711455,
    "duration": 0,
    "pid": 33938,
    "index": 15
  },
  {
    "name": "Require(13) node_modules/egg-view/config/config.default.js",
    "start": 1629542711456,
    "end": 1629542711456,
    "duration": 0,
    "pid": 33938,
    "index": 16
  },
  {
    "name": "Require(14) node_modules/egg-cors/config/config.default.js",
    "start": 1629542711456,
    "end": 1629542711457,
    "duration": 1,
    "pid": 33938,
    "index": 17
  },
  {
    "name": "Require(15) node_modules/egg-mysql/config/config.default.js",
    "start": 1629542711457,
    "end": 1629542711457,
    "duration": 0,
    "pid": 33938,
    "index": 18
  },
  {
    "name": "Require(16) node_modules/egg-redis/config/config.default.js",
    "start": 1629542711457,
    "end": 1629542711458,
    "duration": 1,
    "pid": 33938,
    "index": 19
  },
  {
    "name": "Require(17) node_modules/egg/config/config.default.js",
    "start": 1629542711458,
    "end": 1629542711458,
    "duration": 0,
    "pid": 33938,
    "index": 20
  },
  {
    "name": "Require(18) config/config.default.js",
    "start": 1629542711460,
    "end": 1629542711460,
    "duration": 0,
    "pid": 33938,
    "index": 21
  },
  {
    "name": "Require(19) node_modules/egg-security/config/config.local.js",
    "start": 1629542711460,
    "end": 1629542711460,
    "duration": 0,
    "pid": 33938,
    "index": 22
  },
  {
    "name": "Require(20) node_modules/egg-watcher/config/config.local.js",
    "start": 1629542711460,
    "end": 1629542711461,
    "duration": 1,
    "pid": 33938,
    "index": 23
  },
  {
    "name": "Require(21) node_modules/egg-view/config/config.local.js",
    "start": 1629542711461,
    "end": 1629542711461,
    "duration": 0,
    "pid": 33938,
    "index": 24
  },
  {
    "name": "Require(22) node_modules/egg/config/config.local.js",
    "start": 1629542711462,
    "end": 1629542711462,
    "duration": 0,
    "pid": 33938,
    "index": 25
  },
  {
    "name": "Require(23) config/config.local.js",
    "start": 1629542711462,
    "end": 1629542711462,
    "duration": 0,
    "pid": 33938,
    "index": 26
  },
  {
    "name": "Load extend/application.js",
    "start": 1629542711463,
    "end": 1629542711474,
    "duration": 11,
    "pid": 33938,
    "index": 27
  },
  {
    "name": "Require(24) node_modules/egg-session/app/extend/application.js",
    "start": 1629542711464,
    "end": 1629542711465,
    "duration": 1,
    "pid": 33938,
    "index": 28
  },
  {
    "name": "Require(25) node_modules/egg-security/app/extend/application.js",
    "start": 1629542711465,
    "end": 1629542711468,
    "duration": 3,
    "pid": 33938,
    "index": 29
  },
  {
    "name": "Require(26) node_modules/egg-jsonp/app/extend/application.js",
    "start": 1629542711468,
    "end": 1629542711469,
    "duration": 1,
    "pid": 33938,
    "index": 30
  },
  {
    "name": "Require(27) node_modules/egg-logrotator/app/extend/application.js",
    "start": 1629542711470,
    "end": 1629542711471,
    "duration": 1,
    "pid": 33938,
    "index": 31
  },
  {
    "name": "Require(28) node_modules/egg-view/app/extend/application.js",
    "start": 1629542711471,
    "end": 1629542711473,
    "duration": 2,
    "pid": 33938,
    "index": 32
  },
  {
    "name": "Load extend/request.js",
    "start": 1629542711474,
    "end": 1629542711476,
    "duration": 2,
    "pid": 33938,
    "index": 33
  },
  {
    "name": "Require(29) node_modules/egg/app/extend/request.js",
    "start": 1629542711475,
    "end": 1629542711476,
    "duration": 1,
    "pid": 33938,
    "index": 34
  },
  {
    "name": "Load extend/response.js",
    "start": 1629542711477,
    "end": 1629542711481,
    "duration": 4,
    "pid": 33938,
    "index": 35
  },
  {
    "name": "Require(30) node_modules/egg/app/extend/response.js",
    "start": 1629542711479,
    "end": 1629542711481,
    "duration": 2,
    "pid": 33938,
    "index": 36
  },
  {
    "name": "Load extend/context.js",
    "start": 1629542711481,
    "end": 1629542711540,
    "duration": 59,
    "pid": 33938,
    "index": 37
  },
  {
    "name": "Require(31) node_modules/egg-security/app/extend/context.js",
    "start": 1629542711482,
    "end": 1629542711494,
    "duration": 12,
    "pid": 33938,
    "index": 38
  },
  {
    "name": "Require(32) node_modules/egg-jsonp/app/extend/context.js",
    "start": 1629542711494,
    "end": 1629542711496,
    "duration": 2,
    "pid": 33938,
    "index": 39
  },
  {
    "name": "Require(33) node_modules/egg-i18n/app/extend/context.js",
    "start": 1629542711496,
    "end": 1629542711496,
    "duration": 0,
    "pid": 33938,
    "index": 40
  },
  {
    "name": "Require(34) node_modules/egg-multipart/app/extend/context.js",
    "start": 1629542711497,
    "end": 1629542711537,
    "duration": 40,
    "pid": 33938,
    "index": 41
  },
  {
    "name": "Require(35) node_modules/egg-view/app/extend/context.js",
    "start": 1629542711537,
    "end": 1629542711538,
    "duration": 1,
    "pid": 33938,
    "index": 42
  },
  {
    "name": "Require(36) node_modules/egg/app/extend/context.js",
    "start": 1629542711538,
    "end": 1629542711539,
    "duration": 1,
    "pid": 33938,
    "index": 43
  },
  {
    "name": "Load extend/helper.js",
    "start": 1629542711540,
    "end": 1629542711632,
    "duration": 92,
    "pid": 33938,
    "index": 44
  },
  {
    "name": "Require(37) node_modules/egg-security/app/extend/helper.js",
    "start": 1629542711540,
    "end": 1629542711554,
    "duration": 14,
    "pid": 33938,
    "index": 45
  },
  {
    "name": "Require(38) node_modules/egg/app/extend/helper.js",
    "start": 1629542711554,
    "end": 1629542711555,
    "duration": 1,
    "pid": 33938,
    "index": 46
  },
  {
    "name": "Require(39) app/extend/helper.js",
    "start": 1629542711555,
    "end": 1629542711631,
    "duration": 76,
    "pid": 33938,
    "index": 47
  },
  {
    "name": "Load app.js",
    "start": 1629542711632,
    "end": 1629542711676,
    "duration": 44,
    "pid": 33938,
    "index": 48
  },
  {
    "name": "Require(40) node_modules/egg-session/app.js",
    "start": 1629542711632,
    "end": 1629542711633,
    "duration": 1,
    "pid": 33938,
    "index": 49
  },
  {
    "name": "Require(41) node_modules/egg-security/app.js",
    "start": 1629542711633,
    "end": 1629542711634,
    "duration": 1,
    "pid": 33938,
    "index": 50
  },
  {
    "name": "Require(42) node_modules/egg-onerror/app.js",
    "start": 1629542711635,
    "end": 1629542711641,
    "duration": 6,
    "pid": 33938,
    "index": 51
  },
  {
    "name": "Require(43) node_modules/egg-i18n/app.js",
    "start": 1629542711642,
    "end": 1629542711651,
    "duration": 9,
    "pid": 33938,
    "index": 52
  },
  {
    "name": "Require(44) node_modules/egg-watcher/app.js",
    "start": 1629542711651,
    "end": 1629542711653,
    "duration": 2,
    "pid": 33938,
    "index": 53
  },
  {
    "name": "Require(45) node_modules/egg-schedule/app.js",
    "start": 1629542711653,
    "end": 1629542711654,
    "duration": 1,
    "pid": 33938,
    "index": 54
  },
  {
    "name": "Require(46) node_modules/egg-multipart/app.js",
    "start": 1629542711655,
    "end": 1629542711655,
    "duration": 0,
    "pid": 33938,
    "index": 55
  },
  {
    "name": "Require(47) node_modules/egg-development/app.js",
    "start": 1629542711655,
    "end": 1629542711656,
    "duration": 1,
    "pid": 33938,
    "index": 56
  },
  {
    "name": "Require(48) node_modules/egg-logrotator/app.js",
    "start": 1629542711656,
    "end": 1629542711657,
    "duration": 1,
    "pid": 33938,
    "index": 57
  },
  {
    "name": "Require(49) node_modules/egg-static/app.js",
    "start": 1629542711657,
    "end": 1629542711657,
    "duration": 0,
    "pid": 33938,
    "index": 58
  },
  {
    "name": "Require(50) node_modules/egg-cors/app.js",
    "start": 1629542711657,
    "end": 1629542711658,
    "duration": 1,
    "pid": 33938,
    "index": 59
  },
  {
    "name": "Require(51) node_modules/egg-mysql/app.js",
    "start": 1629542711658,
    "end": 1629542711675,
    "duration": 17,
    "pid": 33938,
    "index": 60
  },
  {
    "name": "Require(52) node_modules/egg-redis/app.js",
    "start": 1629542711675,
    "end": 1629542711676,
    "duration": 1,
    "pid": 33938,
    "index": 61
  },
  {
    "name": "Before Start in node_modules/egg-watcher/lib/init.js:15:14",
    "start": 1629542711684,
    "end": 1629542711963,
    "duration": 279,
    "pid": 33938,
    "index": 62
  },
  {
    "name": "Before Start in node_modules/egg-mysql/lib/mysql.js:20:7",
    "start": 1629542711764,
    "end": 1629542711967,
    "duration": 203,
    "pid": 33938,
    "index": 63
  },
  {
    "name": "Before Start in node_modules/egg-redis/lib/redis.js:53:7",
    "start": 1629542711808,
    "end": 1629542711960,
    "duration": 152,
    "pid": 33938,
    "index": 64
  },
  {
    "name": "Load Service",
    "start": 1629542711809,
    "end": 1629542711830,
    "duration": 21,
    "pid": 33938,
    "index": 65
  },
  {
    "name": "Load \"service\" to Context",
    "start": 1629542711809,
    "end": 1629542711830,
    "duration": 21,
    "pid": 33938,
    "index": 66
  },
  {
    "name": "Load Middleware",
    "start": 1629542711830,
    "end": 1629542711898,
    "duration": 68,
    "pid": 33938,
    "index": 67
  },
  {
    "name": "Load \"middlewares\" to Application",
    "start": 1629542711830,
    "end": 1629542711890,
    "duration": 60,
    "pid": 33938,
    "index": 68
  },
  {
    "name": "Load Controller",
    "start": 1629542711898,
    "end": 1629542711938,
    "duration": 40,
    "pid": 33938,
    "index": 69
  },
  {
    "name": "Load \"controller\" to Application",
    "start": 1629542711898,
    "end": 1629542711938,
    "duration": 40,
    "pid": 33938,
    "index": 70
  },
  {
    "name": "Load Router",
    "start": 1629542711938,
    "end": 1629542711944,
    "duration": 6,
    "pid": 33938,
    "index": 71
  },
  {
    "name": "Require(53) app/router.js",
    "start": 1629542711938,
    "end": 1629542711939,
    "duration": 1,
    "pid": 33938,
    "index": 72
  },
  {
    "name": "Before Start in node_modules/egg-core/lib/egg.js:303:10",
    "start": 1629542711939,
    "end": 1629542711954,
    "duration": 15,
    "pid": 33938,
    "index": 73
  }
]