[
  {
    "name": "Application Start",
    "start": 1629538678526,
    "end": 1629538679067,
    "duration": 541,
    "pid": 32461,
    "index": 0
  },
  {
    "name": "Load Plugin",
    "start": 1629538678529,
    "end": 1629538678545,
    "duration": 16,
    "pid": 32461,
    "index": 1
  },
  {
    "name": "Load Config",
    "start": 1629538678545,
    "end": 1629538678562,
    "duration": 17,
    "pid": 32461,
    "index": 2
  },
  {
    "name": "Require(0) config/config.default.js",
    "start": 1629538678545,
    "end": 1629538678546,
    "duration": 1,
    "pid": 32461,
    "index": 3
  },
  {
    "name": "Require(1) config/config.local.js",
    "start": 1629538678546,
    "end": 1629538678547,
    "duration": 1,
    "pid": 32461,
    "index": 4
  },
  {
    "name": "Require(2) node_modules/egg-session/config/config.default.js",
    "start": 1629538678547,
    "end": 1629538678547,
    "duration": 0,
    "pid": 32461,
    "index": 5
  },
  {
    "name": "Require(3) node_modules/egg-security/config/config.default.js",
    "start": 1629538678547,
    "end": 1629538678548,
    "duration": 1,
    "pid": 32461,
    "index": 6
  },
  {
    "name": "Require(4) node_modules/egg-jsonp/config/config.default.js",
    "start": 1629538678548,
    "end": 1629538678549,
    "duration": 1,
    "pid": 32461,
    "index": 7
  },
  {
    "name": "Require(5) node_modules/egg-onerror/config/config.default.js",
    "start": 1629538678550,
    "end": 1629538678550,
    "duration": 0,
    "pid": 32461,
    "index": 8
  },
  {
    "name": "Require(6) node_modules/egg-i18n/config/config.default.js",
    "start": 1629538678551,
    "end": 1629538678552,
    "duration": 1,
    "pid": 32461,
    "index": 9
  },
  {
    "name": "Require(7) node_modules/egg-watcher/config/config.default.js",
    "start": 1629538678552,
    "end": 1629538678553,
    "duration": 1,
    "pid": 32461,
    "index": 10
  },
  {
    "name": "Require(8) node_modules/egg-schedule/config/config.default.js",
    "start": 1629538678553,
    "end": 1629538678553,
    "duration": 0,
    "pid": 32461,
    "index": 11
  },
  {
    "name": "Require(9) node_modules/egg-multipart/config/config.default.js",
    "start": 1629538678554,
    "end": 1629538678554,
    "duration": 0,
    "pid": 32461,
    "index": 12
  },
  {
    "name": "Require(10) node_modules/egg-development/config/config.default.js",
    "start": 1629538678555,
    "end": 1629538678555,
    "duration": 0,
    "pid": 32461,
    "index": 13
  },
  {
    "name": "Require(11) node_modules/egg-logrotator/config/config.default.js",
    "start": 1629538678555,
    "end": 1629538678555,
    "duration": 0,
    "pid": 32461,
    "index": 14
  },
  {
    "name": "Require(12) node_modules/egg-static/config/config.default.js",
    "start": 1629538678556,
    "end": 1629538678556,
    "duration": 0,
    "pid": 32461,
    "index": 15
  },
  {
    "name": "Require(13) node_modules/egg-view/config/config.default.js",
    "start": 1629538678556,
    "end": 1629538678556,
    "duration": 0,
    "pid": 32461,
    "index": 16
  },
  {
    "name": "Require(14) node_modules/egg-cors/config/config.default.js",
    "start": 1629538678557,
    "end": 1629538678557,
    "duration": 0,
    "pid": 32461,
    "index": 17
  },
  {
    "name": "Require(15) node_modules/egg-mysql/config/config.default.js",
    "start": 1629538678557,
    "end": 1629538678557,
    "duration": 0,
    "pid": 32461,
    "index": 18
  },
  {
    "name": "Require(16) node_modules/egg-redis/config/config.default.js",
    "start": 1629538678557,
    "end": 1629538678558,
    "duration": 1,
    "pid": 32461,
    "index": 19
  },
  {
    "name": "Require(17) node_modules/egg/config/config.default.js",
    "start": 1629538678558,
    "end": 1629538678559,
    "duration": 1,
    "pid": 32461,
    "index": 20
  },
  {
    "name": "Require(18) config/config.default.js",
    "start": 1629538678560,
    "end": 1629538678560,
    "duration": 0,
    "pid": 32461,
    "index": 21
  },
  {
    "name": "Require(19) node_modules/egg-security/config/config.local.js",
    "start": 1629538678561,
    "end": 1629538678561,
    "duration": 0,
    "pid": 32461,
    "index": 22
  },
  {
    "name": "Require(20) node_modules/egg-watcher/config/config.local.js",
    "start": 1629538678561,
    "end": 1629538678561,
    "duration": 0,
    "pid": 32461,
    "index": 23
  },
  {
    "name": "Require(21) node_modules/egg-view/config/config.local.js",
    "start": 1629538678562,
    "end": 1629538678562,
    "duration": 0,
    "pid": 32461,
    "index": 24
  },
  {
    "name": "Require(22) node_modules/egg/config/config.local.js",
    "start": 1629538678562,
    "end": 1629538678562,
    "duration": 0,
    "pid": 32461,
    "index": 25
  },
  {
    "name": "Require(23) config/config.local.js",
    "start": 1629538678562,
    "end": 1629538678562,
    "duration": 0,
    "pid": 32461,
    "index": 26
  },
  {
    "name": "Load extend/application.js",
    "start": 1629538678563,
    "end": 1629538678571,
    "duration": 8,
    "pid": 32461,
    "index": 27
  },
  {
    "name": "Require(24) node_modules/egg-session/app/extend/application.js",
    "start": 1629538678563,
    "end": 1629538678564,
    "duration": 1,
    "pid": 32461,
    "index": 28
  },
  {
    "name": "Require(25) node_modules/egg-security/app/extend/application.js",
    "start": 1629538678564,
    "end": 1629538678566,
    "duration": 2,
    "pid": 32461,
    "index": 29
  },
  {
    "name": "Require(26) node_modules/egg-jsonp/app/extend/application.js",
    "start": 1629538678566,
    "end": 1629538678567,
    "duration": 1,
    "pid": 32461,
    "index": 30
  },
  {
    "name": "Require(27) node_modules/egg-logrotator/app/extend/application.js",
    "start": 1629538678568,
    "end": 1629538678569,
    "duration": 1,
    "pid": 32461,
    "index": 31
  },
  {
    "name": "Require(28) node_modules/egg-view/app/extend/application.js",
    "start": 1629538678569,
    "end": 1629538678570,
    "duration": 1,
    "pid": 32461,
    "index": 32
  },
  {
    "name": "Load extend/request.js",
    "start": 1629538678571,
    "end": 1629538678575,
    "duration": 4,
    "pid": 32461,
    "index": 33
  },
  {
    "name": "Require(29) node_modules/egg/app/extend/request.js",
    "start": 1629538678572,
    "end": 1629538678574,
    "duration": 2,
    "pid": 32461,
    "index": 34
  },
  {
    "name": "Load extend/response.js",
    "start": 1629538678575,
    "end": 1629538678580,
    "duration": 5,
    "pid": 32461,
    "index": 35
  },
  {
    "name": "Require(30) node_modules/egg/app/extend/response.js",
    "start": 1629538678577,
    "end": 1629538678579,
    "duration": 2,
    "pid": 32461,
    "index": 36
  },
  {
    "name": "Load extend/context.js",
    "start": 1629538678580,
    "end": 1629538678638,
    "duration": 58,
    "pid": 32461,
    "index": 37
  },
  {
    "name": "Require(31) node_modules/egg-security/app/extend/context.js",
    "start": 1629538678580,
    "end": 1629538678592,
    "duration": 12,
    "pid": 32461,
    "index": 38
  },
  {
    "name": "Require(32) node_modules/egg-jsonp/app/extend/context.js",
    "start": 1629538678592,
    "end": 1629538678593,
    "duration": 1,
    "pid": 32461,
    "index": 39
  },
  {
    "name": "Require(33) node_modules/egg-i18n/app/extend/context.js",
    "start": 1629538678594,
    "end": 1629538678595,
    "duration": 1,
    "pid": 32461,
    "index": 40
  },
  {
    "name": "Require(34) node_modules/egg-multipart/app/extend/context.js",
    "start": 1629538678595,
    "end": 1629538678635,
    "duration": 40,
    "pid": 32461,
    "index": 41
  },
  {
    "name": "Require(35) node_modules/egg-view/app/extend/context.js",
    "start": 1629538678635,
    "end": 1629538678636,
    "duration": 1,
    "pid": 32461,
    "index": 42
  },
  {
    "name": "Require(36) node_modules/egg/app/extend/context.js",
    "start": 1629538678636,
    "end": 1629538678637,
    "duration": 1,
    "pid": 32461,
    "index": 43
  },
  {
    "name": "Load extend/helper.js",
    "start": 1629538678638,
    "end": 1629538678727,
    "duration": 89,
    "pid": 32461,
    "index": 44
  },
  {
    "name": "Require(37) node_modules/egg-security/app/extend/helper.js",
    "start": 1629538678638,
    "end": 1629538678652,
    "duration": 14,
    "pid": 32461,
    "index": 45
  },
  {
    "name": "Require(38) node_modules/egg/app/extend/helper.js",
    "start": 1629538678653,
    "end": 1629538678653,
    "duration": 0,
    "pid": 32461,
    "index": 46
  },
  {
    "name": "Require(39) app/extend/helper.js",
    "start": 1629538678653,
    "end": 1629538678726,
    "duration": 73,
    "pid": 32461,
    "index": 47
  },
  {
    "name": "Load app.js",
    "start": 1629538678728,
    "end": 1629538678773,
    "duration": 45,
    "pid": 32461,
    "index": 48
  },
  {
    "name": "Require(40) node_modules/egg-session/app.js",
    "start": 1629538678728,
    "end": 1629538678728,
    "duration": 0,
    "pid": 32461,
    "index": 49
  },
  {
    "name": "Require(41) node_modules/egg-security/app.js",
    "start": 1629538678728,
    "end": 1629538678729,
    "duration": 1,
    "pid": 32461,
    "index": 50
  },
  {
    "name": "Require(42) node_modules/egg-onerror/app.js",
    "start": 1629538678730,
    "end": 1629538678738,
    "duration": 8,
    "pid": 32461,
    "index": 51
  },
  {
    "name": "Require(43) node_modules/egg-i18n/app.js",
    "start": 1629538678738,
    "end": 1629538678748,
    "duration": 10,
    "pid": 32461,
    "index": 52
  },
  {
    "name": "Require(44) node_modules/egg-watcher/app.js",
    "start": 1629538678748,
    "end": 1629538678751,
    "duration": 3,
    "pid": 32461,
    "index": 53
  },
  {
    "name": "Require(45) node_modules/egg-schedule/app.js",
    "start": 1629538678751,
    "end": 1629538678752,
    "duration": 1,
    "pid": 32461,
    "index": 54
  },
  {
    "name": "Require(46) node_modules/egg-multipart/app.js",
    "start": 1629538678752,
    "end": 1629538678753,
    "duration": 1,
    "pid": 32461,
    "index": 55
  },
  {
    "name": "Require(47) node_modules/egg-development/app.js",
    "start": 1629538678753,
    "end": 1629538678753,
    "duration": 0,
    "pid": 32461,
    "index": 56
  },
  {
    "name": "Require(48) node_modules/egg-logrotator/app.js",
    "start": 1629538678753,
    "end": 1629538678754,
    "duration": 1,
    "pid": 32461,
    "index": 57
  },
  {
    "name": "Require(49) node_modules/egg-static/app.js",
    "start": 1629538678754,
    "end": 1629538678754,
    "duration": 0,
    "pid": 32461,
    "index": 58
  },
  {
    "name": "Require(50) node_modules/egg-cors/app.js",
    "start": 1629538678754,
    "end": 1629538678755,
    "duration": 1,
    "pid": 32461,
    "index": 59
  },
  {
    "name": "Require(51) node_modules/egg-mysql/app.js",
    "start": 1629538678755,
    "end": 1629538678772,
    "duration": 17,
    "pid": 32461,
    "index": 60
  },
  {
    "name": "Require(52) node_modules/egg-redis/app.js",
    "start": 1629538678772,
    "end": 1629538678773,
    "duration": 1,
    "pid": 32461,
    "index": 61
  },
  {
    "name": "Before Start in node_modules/egg-watcher/lib/init.js:15:14",
    "start": 1629538678782,
    "end": 1629538679056,
    "duration": 274,
    "pid": 32461,
    "index": 62
  },
  {
    "name": "Before Start in node_modules/egg-mysql/lib/mysql.js:20:7",
    "start": 1629538678860,
    "end": 1629538679067,
    "duration": 207,
    "pid": 32461,
    "index": 63
  },
  {
    "name": "Before Start in node_modules/egg-redis/lib/redis.js:53:7",
    "start": 1629538678903,
    "end": 1629538679055,
    "duration": 152,
    "pid": 32461,
    "index": 64
  },
  {
    "name": "Load Service",
    "start": 1629538678904,
    "end": 1629538678923,
    "duration": 19,
    "pid": 32461,
    "index": 65
  },
  {
    "name": "Load \"service\" to Context",
    "start": 1629538678904,
    "end": 1629538678923,
    "duration": 19,
    "pid": 32461,
    "index": 66
  },
  {
    "name": "Load Middleware",
    "start": 1629538678923,
    "end": 1629538678987,
    "duration": 64,
    "pid": 32461,
    "index": 67
  },
  {
    "name": "Load \"middlewares\" to Application",
    "start": 1629538678924,
    "end": 1629538678980,
    "duration": 56,
    "pid": 32461,
    "index": 68
  },
  {
    "name": "Load Controller",
    "start": 1629538678987,
    "end": 1629538679031,
    "duration": 44,
    "pid": 32461,
    "index": 69
  },
  {
    "name": "Load \"controller\" to Application",
    "start": 1629538678987,
    "end": 1629538679031,
    "duration": 44,
    "pid": 32461,
    "index": 70
  },
  {
    "name": "Load Router",
    "start": 1629538679031,
    "end": 1629538679037,
    "duration": 6,
    "pid": 32461,
    "index": 71
  },
  {
    "name": "Require(53) app/router.js",
    "start": 1629538679031,
    "end": 1629538679032,
    "duration": 1,
    "pid": 32461,
    "index": 72
  },
  {
    "name": "Before Start in node_modules/egg-core/lib/egg.js:303:10",
    "start": 1629538679032,
    "end": 1629538679048,
    "duration": 16,
    "pid": 32461,
    "index": 73
  }
]