[
  {
    "name": "Application Start",
    "start": 1629537610962,
    "end": 1629537611450,
    "duration": 488,
    "pid": 31218,
    "index": 0
  },
  {
    "name": "Load Plugin",
    "start": 1629537610967,
    "end": 1629537610974,
    "duration": 7,
    "pid": 31218,
    "index": 1
  },
  {
    "name": "Load Config",
    "start": 1629537610974,
    "end": 1629537610985,
    "duration": 11,
    "pid": 31218,
    "index": 2
  },
  {
    "name": "Require(0) config/config.default.js",
    "start": 1629537610974,
    "end": 1629537610974,
    "duration": 0,
    "pid": 31218,
    "index": 3
  },
  {
    "name": "Require(1) config/config.local.js",
    "start": 1629537610975,
    "end": 1629537610975,
    "duration": 0,
    "pid": 31218,
    "index": 4
  },
  {
    "name": "Require(2) node_modules/egg-session/config/config.default.js",
    "start": 1629537610976,
    "end": 1629537610976,
    "duration": 0,
    "pid": 31218,
    "index": 5
  },
  {
    "name": "Require(3) node_modules/egg-security/config/config.default.js",
    "start": 1629537610976,
    "end": 1629537610976,
    "duration": 0,
    "pid": 31218,
    "index": 6
  },
  {
    "name": "Require(4) node_modules/egg-jsonp/config/config.default.js",
    "start": 1629537610977,
    "end": 1629537610977,
    "duration": 0,
    "pid": 31218,
    "index": 7
  },
  {
    "name": "Require(5) node_modules/egg-onerror/config/config.default.js",
    "start": 1629537610977,
    "end": 1629537610977,
    "duration": 0,
    "pid": 31218,
    "index": 8
  },
  {
    "name": "Require(6) node_modules/egg-i18n/config/config.default.js",
    "start": 1629537610978,
    "end": 1629537610978,
    "duration": 0,
    "pid": 31218,
    "index": 9
  },
  {
    "name": "Require(7) node_modules/egg-watcher/config/config.default.js",
    "start": 1629537610978,
    "end": 1629537610978,
    "duration": 0,
    "pid": 31218,
    "index": 10
  },
  {
    "name": "Require(8) node_modules/egg-schedule/config/config.default.js",
    "start": 1629537610978,
    "end": 1629537610979,
    "duration": 1,
    "pid": 31218,
    "index": 11
  },
  {
    "name": "Require(9) node_modules/egg-multipart/config/config.default.js",
    "start": 1629537610979,
    "end": 1629537610979,
    "duration": 0,
    "pid": 31218,
    "index": 12
  },
  {
    "name": "Require(10) node_modules/egg-development/config/config.default.js",
    "start": 1629537610979,
    "end": 1629537610980,
    "duration": 1,
    "pid": 31218,
    "index": 13
  },
  {
    "name": "Require(11) node_modules/egg-logrotator/config/config.default.js",
    "start": 1629537610980,
    "end": 1629537610980,
    "duration": 0,
    "pid": 31218,
    "index": 14
  },
  {
    "name": "Require(12) node_modules/egg-static/config/config.default.js",
    "start": 1629537610980,
    "end": 1629537610980,
    "duration": 0,
    "pid": 31218,
    "index": 15
  },
  {
    "name": "Require(13) node_modules/egg-view/config/config.default.js",
    "start": 1629537610980,
    "end": 1629537610981,
    "duration": 1,
    "pid": 31218,
    "index": 16
  },
  {
    "name": "Require(14) node_modules/egg-cors/config/config.default.js",
    "start": 1629537610981,
    "end": 1629537610981,
    "duration": 0,
    "pid": 31218,
    "index": 17
  },
  {
    "name": "Require(15) node_modules/egg-mysql/config/config.default.js",
    "start": 1629537610981,
    "end": 1629537610981,
    "duration": 0,
    "pid": 31218,
    "index": 18
  },
  {
    "name": "Require(16) node_modules/egg-redis/config/config.default.js",
    "start": 1629537610982,
    "end": 1629537610982,
    "duration": 0,
    "pid": 31218,
    "index": 19
  },
  {
    "name": "Require(17) node_modules/egg/config/config.default.js",
    "start": 1629537610982,
    "end": 1629537610982,
    "duration": 0,
    "pid": 31218,
    "index": 20
  },
  {
    "name": "Require(18) config/config.default.js",
    "start": 1629537610983,
    "end": 1629537610983,
    "duration": 0,
    "pid": 31218,
    "index": 21
  },
  {
    "name": "Require(19) node_modules/egg-security/config/config.local.js",
    "start": 1629537610983,
    "end": 1629537610984,
    "duration": 1,
    "pid": 31218,
    "index": 22
  },
  {
    "name": "Require(20) node_modules/egg-watcher/config/config.local.js",
    "start": 1629537610984,
    "end": 1629537610984,
    "duration": 0,
    "pid": 31218,
    "index": 23
  },
  {
    "name": "Require(21) node_modules/egg-view/config/config.local.js",
    "start": 1629537610985,
    "end": 1629537610985,
    "duration": 0,
    "pid": 31218,
    "index": 24
  },
  {
    "name": "Require(22) node_modules/egg/config/config.local.js",
    "start": 1629537610985,
    "end": 1629537610985,
    "duration": 0,
    "pid": 31218,
    "index": 25
  },
  {
    "name": "Require(23) config/config.local.js",
    "start": 1629537610985,
    "end": 1629537610985,
    "duration": 0,
    "pid": 31218,
    "index": 26
  },
  {
    "name": "Load extend/application.js",
    "start": 1629537610986,
    "end": 1629537610993,
    "duration": 7,
    "pid": 31218,
    "index": 27
  },
  {
    "name": "Require(24) node_modules/egg-session/app/extend/application.js",
    "start": 1629537610986,
    "end": 1629537610987,
    "duration": 1,
    "pid": 31218,
    "index": 28
  },
  {
    "name": "Require(25) node_modules/egg-security/app/extend/application.js",
    "start": 1629537610987,
    "end": 1629537610988,
    "duration": 1,
    "pid": 31218,
    "index": 29
  },
  {
    "name": "Require(26) node_modules/egg-jsonp/app/extend/application.js",
    "start": 1629537610988,
    "end": 1629537610989,
    "duration": 1,
    "pid": 31218,
    "index": 30
  },
  {
    "name": "Require(27) node_modules/egg-logrotator/app/extend/application.js",
    "start": 1629537610989,
    "end": 1629537610990,
    "duration": 1,
    "pid": 31218,
    "index": 31
  },
  {
    "name": "Require(28) node_modules/egg-view/app/extend/application.js",
    "start": 1629537610990,
    "end": 1629537610992,
    "duration": 2,
    "pid": 31218,
    "index": 32
  },
  {
    "name": "Load extend/request.js",
    "start": 1629537610993,
    "end": 1629537610996,
    "duration": 3,
    "pid": 31218,
    "index": 33
  },
  {
    "name": "Require(29) node_modules/egg/app/extend/request.js",
    "start": 1629537610994,
    "end": 1629537610995,
    "duration": 1,
    "pid": 31218,
    "index": 34
  },
  {
    "name": "Load extend/response.js",
    "start": 1629537610996,
    "end": 1629537611000,
    "duration": 4,
    "pid": 31218,
    "index": 35
  },
  {
    "name": "Require(30) node_modules/egg/app/extend/response.js",
    "start": 1629537610997,
    "end": 1629537610999,
    "duration": 2,
    "pid": 31218,
    "index": 36
  },
  {
    "name": "Load extend/context.js",
    "start": 1629537611000,
    "end": 1629537611032,
    "duration": 32,
    "pid": 31218,
    "index": 37
  },
  {
    "name": "Require(31) node_modules/egg-security/app/extend/context.js",
    "start": 1629537611000,
    "end": 1629537611005,
    "duration": 5,
    "pid": 31218,
    "index": 38
  },
  {
    "name": "Require(32) node_modules/egg-jsonp/app/extend/context.js",
    "start": 1629537611005,
    "end": 1629537611005,
    "duration": 0,
    "pid": 31218,
    "index": 39
  },
  {
    "name": "Require(33) node_modules/egg-i18n/app/extend/context.js",
    "start": 1629537611005,
    "end": 1629537611006,
    "duration": 1,
    "pid": 31218,
    "index": 40
  },
  {
    "name": "Require(34) node_modules/egg-multipart/app/extend/context.js",
    "start": 1629537611006,
    "end": 1629537611029,
    "duration": 23,
    "pid": 31218,
    "index": 41
  },
  {
    "name": "Require(35) node_modules/egg-view/app/extend/context.js",
    "start": 1629537611030,
    "end": 1629537611030,
    "duration": 0,
    "pid": 31218,
    "index": 42
  },
  {
    "name": "Require(36) node_modules/egg/app/extend/context.js",
    "start": 1629537611031,
    "end": 1629537611031,
    "duration": 0,
    "pid": 31218,
    "index": 43
  },
  {
    "name": "Load extend/helper.js",
    "start": 1629537611032,
    "end": 1629537611117,
    "duration": 85,
    "pid": 31218,
    "index": 44
  },
  {
    "name": "Require(37) node_modules/egg-security/app/extend/helper.js",
    "start": 1629537611032,
    "end": 1629537611048,
    "duration": 16,
    "pid": 31218,
    "index": 45
  },
  {
    "name": "Require(38) node_modules/egg/app/extend/helper.js",
    "start": 1629537611049,
    "end": 1629537611050,
    "duration": 1,
    "pid": 31218,
    "index": 46
  },
  {
    "name": "Require(39) app/extend/helper.js",
    "start": 1629537611050,
    "end": 1629537611116,
    "duration": 66,
    "pid": 31218,
    "index": 47
  },
  {
    "name": "Load app.js",
    "start": 1629537611117,
    "end": 1629537611158,
    "duration": 41,
    "pid": 31218,
    "index": 48
  },
  {
    "name": "Require(40) node_modules/egg-session/app.js",
    "start": 1629537611117,
    "end": 1629537611117,
    "duration": 0,
    "pid": 31218,
    "index": 49
  },
  {
    "name": "Require(41) node_modules/egg-security/app.js",
    "start": 1629537611118,
    "end": 1629537611119,
    "duration": 1,
    "pid": 31218,
    "index": 50
  },
  {
    "name": "Require(42) node_modules/egg-onerror/app.js",
    "start": 1629537611119,
    "end": 1629537611127,
    "duration": 8,
    "pid": 31218,
    "index": 51
  },
  {
    "name": "Require(43) node_modules/egg-i18n/app.js",
    "start": 1629537611128,
    "end": 1629537611139,
    "duration": 11,
    "pid": 31218,
    "index": 52
  },
  {
    "name": "Require(44) node_modules/egg-watcher/app.js",
    "start": 1629537611139,
    "end": 1629537611140,
    "duration": 1,
    "pid": 31218,
    "index": 53
  },
  {
    "name": "Require(45) node_modules/egg-schedule/app.js",
    "start": 1629537611140,
    "end": 1629537611141,
    "duration": 1,
    "pid": 31218,
    "index": 54
  },
  {
    "name": "Require(46) node_modules/egg-multipart/app.js",
    "start": 1629537611142,
    "end": 1629537611142,
    "duration": 0,
    "pid": 31218,
    "index": 55
  },
  {
    "name": "Require(47) node_modules/egg-development/app.js",
    "start": 1629537611143,
    "end": 1629537611143,
    "duration": 0,
    "pid": 31218,
    "index": 56
  },
  {
    "name": "Require(48) node_modules/egg-logrotator/app.js",
    "start": 1629537611143,
    "end": 1629537611144,
    "duration": 1,
    "pid": 31218,
    "index": 57
  },
  {
    "name": "Require(49) node_modules/egg-static/app.js",
    "start": 1629537611144,
    "end": 1629537611145,
    "duration": 1,
    "pid": 31218,
    "index": 58
  },
  {
    "name": "Require(50) node_modules/egg-cors/app.js",
    "start": 1629537611145,
    "end": 1629537611146,
    "duration": 1,
    "pid": 31218,
    "index": 59
  },
  {
    "name": "Require(51) node_modules/egg-mysql/app.js",
    "start": 1629537611146,
    "end": 1629537611157,
    "duration": 11,
    "pid": 31218,
    "index": 60
  },
  {
    "name": "Require(52) node_modules/egg-redis/app.js",
    "start": 1629537611157,
    "end": 1629537611158,
    "duration": 1,
    "pid": 31218,
    "index": 61
  },
  {
    "name": "Before Start in node_modules/egg-watcher/lib/init.js:15:14",
    "start": 1629537611165,
    "end": 1629537611445,
    "duration": 280,
    "pid": 31218,
    "index": 62
  },
  {
    "name": "Before Start in node_modules/egg-mysql/lib/mysql.js:20:7",
    "start": 1629537611231,
    "end": 1629537611449,
    "duration": 218,
    "pid": 31218,
    "index": 63
  },
  {
    "name": "Before Start in node_modules/egg-redis/lib/redis.js:53:7",
    "start": 1629537611269,
    "end": 1629537611442,
    "duration": 173,
    "pid": 31218,
    "index": 64
  },
  {
    "name": "Load Service",
    "start": 1629537611269,
    "end": 1629537611289,
    "duration": 20,
    "pid": 31218,
    "index": 65
  },
  {
    "name": "Load \"service\" to Context",
    "start": 1629537611269,
    "end": 1629537611289,
    "duration": 20,
    "pid": 31218,
    "index": 66
  },
  {
    "name": "Load Middleware",
    "start": 1629537611290,
    "end": 1629537611361,
    "duration": 71,
    "pid": 31218,
    "index": 67
  },
  {
    "name": "Load \"middlewares\" to Application",
    "start": 1629537611290,
    "end": 1629537611351,
    "duration": 61,
    "pid": 31218,
    "index": 68
  },
  {
    "name": "Load Controller",
    "start": 1629537611361,
    "end": 1629537611406,
    "duration": 45,
    "pid": 31218,
    "index": 69
  },
  {
    "name": "Load \"controller\" to Application",
    "start": 1629537611361,
    "end": 1629537611406,
    "duration": 45,
    "pid": 31218,
    "index": 70
  },
  {
    "name": "Load Router",
    "start": 1629537611406,
    "end": 1629537611420,
    "duration": 14,
    "pid": 31218,
    "index": 71
  },
  {
    "name": "Require(53) app/router.js",
    "start": 1629537611406,
    "end": 1629537611407,
    "duration": 1,
    "pid": 31218,
    "index": 72
  },
  {
    "name": "Before Start in node_modules/egg-core/lib/egg.js:303:10",
    "start": 1629537611407,
    "end": 1629537611434,
    "duration": 27,
    "pid": 31218,
    "index": 73
  }
]